X,Y,PCBA1030,PCBA1461,PCBA1468,PCBA1688,PCBA2546,PCBA2551,PCBA504332,PCBA504339,PCBA504444,PCBA504467,PCBA540276,PCBA588855,PCBA624288,PCBA624296,PCBA624417,PCBA651635,PCBA686970,PCBA686978,PCBA686979,PCBA720504,PCBA720579,PCBA720580,PCBA883,PCBA884,PCBA891,PCBA938
-0.8289758,5.3687706,0.0,0.0,0.0,0.0,0.0,0.0,0.0,0.0,0.0,0.0,,0.0,0.0,0.0,0.0,0.0,0.0,0.0,0.0,0.0,0.0,0.0,,,,
3.986032,7.6022053,0.0,,,,0.0,0.0,,,,,,,,,,,,,,,,,,,,
-0.44280478,4.9357915,0.0,0.0,0.0,0.0,0.0,0.0,0.0,0.0,,0.0,0.0,0.0,0.0,0.0,0.0,0.0,0.0,0.0,0.0,0.0,0.0,0.0,,,,
-0.755204,4.6782937,0.0,0.0,,0.0,0.0,0.0,0.0,0.0,0.0,0.0,0.0,0.0,0.0,0.0,,0.0,0.0,0.0,0.0,0.0,0.0,0.0,,,,
2.523332,6.1891956,,,,,,,,,,,,,,,1.0,0.0,,1.0,,0.0,0.0,0.0,,,,
0.569476,1.8139892,0.0,0.0,0.0,0.0,0.0,0.0,0.0,0.0,0.0,0.0,0.0,0.0,0.0,0.0,0.0,0.0,0.0,0.0,0.0,0.0,0.0,0.0,,,,
1.2986065,6.7926474,0.0,,1.0,,1.0,,0.0,0.0,,,,,1.0,1.0,1.0,0.0,1.0,1.0,1.0,0.0,,,,,,
1.1903023,6.7214165,0.0,0.0,0.0,0.0,0.0,,0.0,0.0,,,,0.0,0.0,,,0.0,0.0,1.0,1.0,0.0,0.0,0.0,,,,
0.99416727,4.6602597,0.0,0.0,0.0,0.0,0.0,0.0,0.0,0.0,,0.0,0.0,0.0,0.0,0.0,0.0,0.0,0.0,0.0,0.0,0.0,,,,,,0.0
1.3986542,5.2527585,0.0,0.0,0.0,,0.0,0.0,0.0,,,0.0,0.0,,,,,,,,,,,,,,,
2.1777523,6.720528,0.0,0.0,0.0,0.0,0.0,,0.0,0.0,0.0,0.0,0.0,0.0,0.0,,0.0,0.0,0.0,,,1.0,0.0,0.0,,,,0.0
3.462269,3.7172964,,0.0,0.0,0.0,0.0,0.0,,0.0,0.0,,0.0,0.0,0.0,0.0,0.0,0.0,0.0,0.0,0.0,0.0,,0.0,,,,0.0
9.336701,7.848746,0.0,,,,0.0,0.0,0.0,,,,,,,,,,,0.0,0.0,,,,0.0,0.0,1.0,0.0
1.2886517,5.415387,,,,,0.0,0.0,1.0,0.0,0.0,0.0,0.0,0.0,0.0,0.0,0.0,0.0,0.0,,,0.0,,,,,,
0.13034454,5.128612,0.0,0.0,0.0,0.0,0.0,0.0,0.0,0.0,,0.0,0.0,0.0,0.0,0.0,0.0,0.0,0.0,,0.0,0.0,,0.0,,,,0.0
2.430374,7.255228,0.0,0.0,0.0,0.0,0.0,0.0,0.0,0.0,,0.0,0.0,0.0,0.0,0.0,,0.0,0.0,,,0.0,,,,,,
8.997661,6.614918,0.0,,,,0.0,0.0,0.0,,,,,,,,,,,1.0,1.0,,,,0.0,0.0,0.0,1.0
9.171265,7.947444,,,,,0.0,0.0,0.0,,,,,,,,,,,0.0,0.0,,,,0.0,0.0,0.0,0.0
-1.469371,5.526548,0.0,0.0,0.0,0.0,0.0,0.0,0.0,0.0,0.0,0.0,0.0,0.0,0.0,0.0,0.0,0.0,0.0,0.0,0.0,0.0,,,,,,
0.5459462,4.085743,0.0,0.0,0.0,0.0,0.0,0.0,0.0,0.0,0.0,0.0,0.0,0.0,0.0,0.0,0.0,0.0,0.0,0.0,0.0,0.0,0.0,0.0,,,,
-0.68503714,5.690605,,0.0,0.0,0.0,,,1.0,,,0.0,0.0,,0.0,,,0.0,0.0,1.0,1.0,0.0,0.0,0.0,,,,
2.4018764,6.935816,,,,,,,,0.0,0.0,,,,0.0,0.0,,0.0,0.0,1.0,,0.0,,,,,,
-0.22102103,8.860445,0.0,0.0,0.0,0.0,,,0.0,0.0,,0.0,,,0.0,0.0,0.0,0.0,,0.0,0.0,0.0,,0.0,,,,
0.84411633,6.2745366,0.0,0.0,0.0,0.0,0.0,0.0,0.0,0.0,0.0,0.0,0.0,0.0,0.0,0.0,0.0,0.0,0.0,,1.0,0.0,0.0,0.0,,,,0.0
3.26943,6.1897426,,,,0.0,0.0,0.0,,0.0,0.0,,,0.0,0.0,0.0,0.0,0.0,0.0,1.0,1.0,0.0,,,,,,
0.49141675,1.419493,,0.0,0.0,1.0,0.0,0.0,,0.0,1.0,0.0,,,,0.0,0.0,,,1.0,1.0,0.0,,,,,,
-0.9901446,4.710669,0.0,0.0,0.0,,0.0,0.0,0.0,0.0,,1.0,0.0,,0.0,0.0,0.0,0.0,,0.0,0.0,0.0,,0.0,,,,
0.075385846,8.795499,0.0,0.0,0.0,0.0,0.0,0.0,0.0,0.0,0.0,0.0,0.0,0.0,0.0,0.0,0.0,0.0,0.0,0.0,0.0,0.0,,0.0,,,,
0.107235394,8.785747,0.0,0.0,0.0,0.0,0.0,0.0,,0.0,,,,0.0,0.0,,,0.0,0.0,,,0.0,,,,,,
1.8035872,3.4997478,0.0,1.0,0.0,0.0,,0.0,0.0,0.0,0.0,,,0.0,0.0,,,0.0,0.0,0.0,0.0,0.0,,,,,,0.0
1.5260426,5.503108,0.0,0.0,0.0,0.0,0.0,0.0,0.0,0.0,0.0,0.0,0.0,0.0,0.0,0.0,0.0,0.0,,0.0,0.0,0.0,0.0,0.0,,,,
-0.14121535,3.1555145,0.0,0.0,0.0,,0.0,,0.0,0.0,0.0,0.0,,,0.0,0.0,0.0,0.0,0.0,0.0,0.0,0.0,,0.0,,,,
1.5886794,6.3401346,,0.0,,0.0,,,,0.0,,,,,0.0,0.0,,,0.0,1.0,1.0,0.0,,,,,,
0.8596822,4.7820706,,0.0,0.0,0.0,0.0,0.0,0.0,0.0,,,0.0,0.0,0.0,0.0,0.0,0.0,0.0,0.0,0.0,0.0,0.0,0.0,,,,
2.729292,8.007319,,,0.0,,,,0.0,0.0,0.0,,0.0,0.0,,,0.0,0.0,,,0.0,,0.0,0.0,,,,
8.062558,2.9349294,,1.0,0.0,0.0,0.0,0.0,0.0,0.0,0.0,0.0,,,0.0,0.0,,,,1.0,1.0,0.0,,1.0,,,,
8.102686,2.9495351,,0.0,0.0,0.0,0.0,0.0,0.0,0.0,0.0,0.0,,0.0,0.0,0.0,0.0,0.0,0.0,1.0,,0.0,0.0,0.0,,,,
4.6762295,6.204498,,,,,,,,0.0,0.0,,,,0.0,0.0,0.0,0.0,0.0,,0.0,0.0,,,,,,
9.565974,6.4380555,0.0,,,,0.0,0.0,0.0,,,,,,,,,,,,0.0,,,,0.0,1.0,0.0,0.0
2.4115324,7.2986574,,,1.0,0.0,0.0,0.0,,0.0,1.0,,,0.0,0.0,,,,,1.0,,0.0,0.0,0.0,,,,
0.8798377,6.2533717,0.0,1.0,0.0,1.0,1.0,1.0,0.0,0.0,1.0,1.0,1.0,,1.0,1.0,0.0,,,1.0,1.0,0.0,,,,,,
2.144404,5.240567,,,,,,,,,,,,,,,,,,1.0,1.0,0.0,0.0,0.0,,,,
3.3564394,3.0686967,,,,,,,0.0,0.0,0.0,,,,0.0,,,1.0,1.0,1.0,0.0,0.0,,,,,,
2.3583162,4.3675537,0.0,0.0,0.0,0.0,0.0,0.0,,0.0,0.0,0.0,0.0,0.0,0.0,0.0,0.0,0.0,0.0,0.0,0.0,0.0,0.0,0.0,,,,
0.8893524,3.8173175,0.0,0.0,0.0,0.0,0.0,0.0,0.0,0.0,0.0,0.0,,0.0,0.0,0.0,0.0,0.0,0.0,0.0,0.0,0.0,0.0,0.0,,,,
-0.21509665,8.836018,0.0,0.0,0.0,0.0,,,0.0,0.0,0.0,0.0,,0.0,0.0,0.0,,,0.0,,,0.0,0.0,0.0,,,,
9.060185,6.654146,0.0,,,,0.0,0.0,0.0,,,,,,,,,,,,0.0,,,,0.0,1.0,0.0,
1.4972138,5.6065726,0.0,0.0,0.0,0.0,0.0,0.0,,0.0,,0.0,0.0,0.0,0.0,0.0,,0.0,0.0,,0.0,0.0,,0.0,,,,0.0
2.2351549,5.287051,,,,,,,,,,,,1.0,,,1.0,0.0,,1.0,1.0,0.0,,,,,,
2.0086896,7.2851667,,,,,,,,0.0,0.0,0.0,,0.0,0.0,0.0,0.0,0.0,0.0,0.0,0.0,0.0,0.0,0.0,,,,
1.697628,6.204946,0.0,0.0,0.0,0.0,0.0,0.0,0.0,0.0,,0.0,0.0,0.0,0.0,0.0,0.0,0.0,0.0,0.0,0.0,0.0,,0.0,,,,
1.0814149,5.195693,0.0,0.0,0.0,0.0,0.0,,0.0,0.0,0.0,0.0,,0.0,0.0,1.0,,0.0,0.0,,,0.0,0.0,0.0,,,,
9.0130005,6.6574607,0.0,,,,0.0,0.0,0.0,,,,,,,,,,,0.0,0.0,,,,0.0,0.0,0.0,
8.246202,11.6703415,,0.0,0.0,0.0,0.0,0.0,0.0,0.0,0.0,0.0,,0.0,0.0,0.0,,0.0,0.0,0.0,0.0,0.0,0.0,0.0,,,,
8.191083,11.725383,,0.0,0.0,0.0,0.0,0.0,0.0,0.0,0.0,,,0.0,0.0,0.0,0.0,0.0,0.0,,,0.0,0.0,0.0,,,,
9.277297,7.703865,,,,,0.0,0.0,0.0,,,,,,,,,,,,,,,,0.0,0.0,1.0,
0.5012302,1.4843147,0.0,0.0,0.0,,,1.0,,0.0,0.0,,0.0,0.0,0.0,0.0,0.0,,0.0,0.0,0.0,0.0,,,,,,
9.313929,7.3265357,0.0,,,,0.0,0.0,0.0,,,,,,,,,,,1.0,1.0,,,,0.0,0.0,,0.0
9.335794,7.843811,0.0,,,,0.0,0.0,0.0,,,,,,,,,,,0.0,0.0,,,,,1.0,0.0,0.0
3.4664176,7.2387676,,,,,,,,0.0,0.0,0.0,,0.0,0.0,0.0,,0.0,0.0,,,0.0,0.0,0.0,,,,
0.6739826,1.6232041,0.0,0.0,0.0,0.0,0.0,0.0,0.0,0.0,,0.0,,,0.0,,0.0,0.0,0.0,1.0,1.0,0.0,,,,,,
-1.1414368,5.7637024,0.0,0.0,0.0,0.0,0.0,0.0,1.0,,0.0,0.0,0.0,0.0,0.0,0.0,,0.0,0.0,,,1.0,,,,,,
0.19938833,8.730485,0.0,0.0,,,,,0.0,0.0,,0.0,0.0,,0.0,,,0.0,0.0,,0.0,0.0,,0.0,,,,
-1.129739,5.7408276,0.0,0.0,0.0,0.0,1.0,,0.0,0.0,0.0,0.0,0.0,0.0,0.0,0.0,,0.0,0.0,,,0.0,0.0,0.0,,,,
3.533573,6.254714,0.0,,0.0,,0.0,0.0,,,,,,,,,,,,,,,,,,0.0,,0.0
1.245331,-2.7899516,,,,,,,,,,,,1.0,,,,,,1.0,,0.0,0.0,,,,,
9.256694,7.55081,0.0,,,,0.0,0.0,0.0,,,,,,,,,,,0.0,,,,,0.0,1.0,,0.0
2.1925092,5.245921,,,,,,,,,,,,,,,,,,1.0,1.0,0.0,0.0,0.0,,,,
0.89331526,3.8269148,0.0,0.0,0.0,0.0,0.0,0.0,0.0,0.0,0.0,0.0,0.0,,0.0,0.0,0.0,,0.0,0.0,0.0,0.0,0.0,0.0,,,,
-1.3858341,5.6615944,0.0,0.0,0.0,0.0,0.0,0.0,0.0,0.0,0.0,0.0,,0.0,0.0,0.0,0.0,0.0,0.0,0.0,0.0,0.0,0.0,0.0,,,,0.0
7.9957747,3.3100011,0.0,,0.0,,,,0.0,,,,1.0,,,,,,,,,,,,,,,
-1.3341686,5.0208383,0.0,0.0,0.0,0.0,0.0,0.0,0.0,0.0,0.0,0.0,,0.0,0.0,0.0,0.0,0.0,0.0,0.0,0.0,0.0,0.0,0.0,,,,
4.4139113,7.4488707,,0.0,0.0,0.0,0.0,0.0,,0.0,0.0,0.0,,0.0,0.0,0.0,0.0,,0.0,,,0.0,,,,,,
1.9605434,4.588857,0.0,0.0,0.0,0.0,0.0,0.0,1.0,0.0,,,0.0,0.0,0.0,0.0,,0.0,0.0,,,0.0,,,,,,
4.241733,6.441243,0.0,,,0.0,0.0,0.0,,0.0,1.0,0.0,,1.0,0.0,,,,0.0,,,0.0,,,,,,
1.9840524,4.5917516,,,,,,,,,,,0.0,,,,,,,,,,,,,,,
0.009815436,8.962098,0.0,0.0,0.0,0.0,0.0,0.0,0.0,0.0,,0.0,0.0,0.0,0.0,0.0,0.0,0.0,0.0,0.0,0.0,0.0,,,,,,
1.5538553,5.011619,0.0,,0.0,,0.0,0.0,,,,,,,,,,,,,,,,,,,,
3.2487557,6.790425,0.0,0.0,0.0,0.0,0.0,0.0,0.0,0.0,0.0,0.0,0.0,0.0,0.0,,0.0,0.0,0.0,0.0,0.0,0.0,0.0,0.0,,,,
3.9503188,3.5242243,0.0,0.0,0.0,0.0,0.0,0.0,0.0,0.0,0.0,0.0,0.0,0.0,0.0,0.0,0.0,,0.0,0.0,0.0,0.0,,,,,,
-1.4072418,5.6910253,0.0,0.0,0.0,0.0,0.0,0.0,0.0,0.0,,0.0,0.0,0.0,0.0,0.0,0.0,0.0,0.0,0.0,0.0,0.0,,0.0,,,,0.0
2.8704395,3.6301744,,,0.0,,,,0.0,0.0,0.0,,0.0,0.0,,,0.0,,,0.0,0.0,,0.0,0.0,,,,
8.115475,2.9523482,,0.0,0.0,0.0,0.0,0.0,0.0,0.0,0.0,0.0,,1.0,0.0,0.0,0.0,0.0,0.0,,,0.0,0.0,0.0,,,,
8.042656,2.8868482,,0.0,0.0,0.0,0.0,0.0,0.0,0.0,,0.0,,,0.0,,,,0.0,1.0,1.0,0.0,1.0,1.0,,,,
8.05919,3.008199,,0.0,0.0,0.0,0.0,0.0,0.0,0.0,0.0,0.0,,1.0,0.0,,,1.0,,1.0,1.0,0.0,1.0,1.0,,,,
1.6524756,6.6222324,0.0,0.0,0.0,0.0,0.0,0.0,0.0,0.0,0.0,0.0,0.0,0.0,0.0,0.0,,0.0,0.0,0.0,0.0,0.0,0.0,0.0,,,,
3.360866,3.05618,,,,,0.0,0.0,0.0,0.0,0.0,,,1.0,,,,,,1.0,1.0,,,,,,,
2.9234607,4.0027413,,0.0,0.0,0.0,0.0,0.0,0.0,0.0,0.0,0.0,0.0,0.0,0.0,0.0,0.0,0.0,0.0,,,0.0,,,,,,
1.2020167,-2.8076334,,,,,,,,,,,,0.0,,,,0.0,1.0,1.0,,0.0,0.0,0.0,,,,
0.60840833,5.7230663,0.0,0.0,0.0,0.0,0.0,1.0,0.0,0.0,0.0,0.0,0.0,0.0,0.0,0.0,0.0,0.0,0.0,,0.0,0.0,0.0,0.0,,,,
2.6958036,6.48209,0.0,0.0,0.0,0.0,0.0,0.0,0.0,0.0,0.0,0.0,,0.0,0.0,0.0,0.0,0.0,0.0,,,0.0,,,,,,
0.91729474,4.6868653,0.0,0.0,0.0,0.0,0.0,0.0,,0.0,0.0,0.0,,0.0,0.0,0.0,0.0,0.0,0.0,0.0,0.0,0.0,0.0,0.0,,,,
0.90000486,3.8493996,0.0,0.0,0.0,0.0,0.0,0.0,,0.0,0.0,0.0,,0.0,0.0,0.0,,0.0,0.0,0.0,0.0,0.0,0.0,0.0,,,,
4.2802935,7.376472,,0.0,0.0,0.0,0.0,0.0,0.0,0.0,0.0,0.0,,0.0,0.0,0.0,0.0,0.0,0.0,0.0,0.0,0.0,,,,,,
1.4928632,5.99745,,,,,,,0.0,0.0,,0.0,,,0.0,0.0,0.0,0.0,0.0,1.0,,0.0,,,,,,
2.406178,7.3014903,0.0,,0.0,0.0,0.0,0.0,0.0,0.0,0.0,0.0,,,,0.0,0.0,0.0,0.0,,,0.0,,,,,,
2.7221727,5.1762094,,,,,,,0.0,0.0,,,,0.0,0.0,0.0,0.0,0.0,0.0,,,0.0,,,,,,
-0.14004704,3.1569037,0.0,0.0,0.0,0.0,0.0,0.0,0.0,0.0,0.0,0.0,0.0,0.0,0.0,0.0,0.0,0.0,0.0,0.0,0.0,0.0,0.0,0.0,,,,0.0
9.067409,6.6726217,0.0,,,,0.0,,0.0,,,,,,,,,,,0.0,0.0,,,,0.0,1.0,0.0,0.0
7.712089,3.938762,0.0,0.0,0.0,0.0,0.0,0.0,0.0,0.0,0.0,0.0,,0.0,0.0,0.0,0.0,,0.0,1.0,1.0,0.0,0.0,0.0,,,,
-0.46335903,4.9506507,0.0,0.0,0.0,0.0,0.0,0.0,0.0,0.0,0.0,0.0,0.0,0.0,0.0,0.0,0.0,0.0,0.0,0.0,0.0,0.0,0.0,0.0,,,,
-0.70010376,4.6663127,0.0,0.0,0.0,0.0,0.0,,0.0,0.0,,0.0,0.0,0.0,0.0,0.0,0.0,0.0,0.0,0.0,0.0,0.0,,0.0,,,,0.0
3.5681858,7.48769,0.0,0.0,0.0,0.0,0.0,1.0,0.0,0.0,,0.0,,0.0,0.0,,,0.0,0.0,1.0,,0.0,0.0,0.0,,,,
1.4487202,5.5648513,0.0,0.0,0.0,0.0,0.0,0.0,0.0,0.0,0.0,0.0,0.0,0.0,0.0,0.0,0.0,0.0,0.0,0.0,0.0,0.0,0.0,0.0,,,,
2.706739,4.858747,,,,,,,,,,,,,,,0.0,0.0,0.0,0.0,0.0,0.0,0.0,0.0,,,,
2.716707,4.8303547,,,,,,,,,,,,,,,0.0,0.0,0.0,0.0,0.0,0.0,0.0,0.0,,,,
3.4657106,7.6700006,,,,,,,,,,,,,,,,0.0,,,,0.0,0.0,0.0,,,,
3.2951045,5.256628,0.0,0.0,0.0,0.0,0.0,0.0,0.0,0.0,0.0,0.0,0.0,0.0,,0.0,0.0,,0.0,0.0,0.0,0.0,0.0,0.0,,,,
-0.6412114,4.934887,,0.0,0.0,0.0,0.0,0.0,0.0,0.0,,0.0,,0.0,0.0,,0.0,0.0,0.0,0.0,0.0,0.0,,,,,,
1.9455165,4.412699,0.0,0.0,0.0,0.0,,0.0,0.0,0.0,,0.0,0.0,0.0,0.0,,,0.0,,,,0.0,,,,,,
1.9563087,4.4742236,0.0,,0.0,0.0,0.0,,0.0,0.0,,0.0,,,0.0,0.0,0.0,0.0,0.0,,,0.0,,,,,,
0.47023866,1.4522231,0.0,0.0,0.0,0.0,0.0,0.0,1.0,0.0,0.0,,0.0,0.0,,0.0,0.0,0.0,0.0,,0.0,0.0,,,,,,
2.8374286,7.0824156,0.0,0.0,0.0,0.0,1.0,1.0,0.0,0.0,0.0,0.0,0.0,0.0,0.0,0.0,0.0,0.0,0.0,,,0.0,0.0,0.0,,,,
3.682158,5.492314,0.0,0.0,0.0,0.0,,,0.0,0.0,0.0,0.0,0.0,0.0,0.0,0.0,0.0,0.0,0.0,0.0,0.0,0.0,,,,,,
1.222816,4.1393943,0.0,0.0,0.0,,0.0,0.0,0.0,0.0,0.0,0.0,,0.0,,0.0,0.0,0.0,0.0,1.0,,0.0,0.0,0.0,,,,0.0
-1.2249011,5.313013,0.0,0.0,0.0,0.0,0.0,1.0,0.0,1.0,,0.0,0.0,0.0,0.0,0.0,0.0,0.0,,0.0,0.0,0.0,,,,,,0.0
1.2239546,-2.8188949,,,,,,,,,,,,0.0,,,0.0,0.0,0.0,0.0,,0.0,0.0,0.0,,,,
-0.20794025,8.834656,0.0,0.0,0.0,0.0,,0.0,0.0,0.0,,0.0,0.0,0.0,0.0,0.0,0.0,0.0,0.0,0.0,0.0,0.0,,0.0,,,,
2.6497922,3.8555534,0.0,0.0,0.0,0.0,0.0,0.0,0.0,0.0,0.0,0.0,,0.0,0.0,0.0,0.0,0.0,0.0,0.0,0.0,0.0,,,,,,
2.1870072,4.680829,0.0,0.0,0.0,0.0,0.0,0.0,,0.0,,0.0,0.0,0.0,0.0,0.0,0.0,0.0,0.0,1.0,,0.0,0.0,0.0,,,,
1.5531176,4.8255024,0.0,0.0,0.0,0.0,0.0,0.0,0.0,0.0,0.0,0.0,,0.0,0.0,0.0,0.0,0.0,0.0,1.0,,0.0,0.0,0.0,,,,
1.1527063,4.8920517,,,,,0.0,0.0,,,,,,,,,,,,,,,,,,,,
-0.08960837,8.710713,0.0,0.0,0.0,0.0,0.0,0.0,0.0,,0.0,0.0,0.0,0.0,0.0,0.0,0.0,0.0,0.0,0.0,0.0,0.0,,,,,,
4.1403117,7.0030513,0.0,0.0,,0.0,0.0,0.0,0.0,0.0,0.0,0.0,0.0,0.0,0.0,0.0,0.0,0.0,0.0,0.0,0.0,0.0,,0.0,,,,
-0.77555436,5.2426863,0.0,0.0,0.0,0.0,0.0,0.0,1.0,1.0,0.0,0.0,,0.0,0.0,0.0,0.0,0.0,0.0,0.0,0.0,0.0,0.0,0.0,,,,0.0
3.2698011,6.231318,0.0,0.0,0.0,0.0,0.0,0.0,0.0,0.0,,0.0,0.0,0.0,0.0,0.0,,0.0,0.0,,0.0,0.0,,0.0,,,,
0.5013891,4.072593,0.0,0.0,0.0,0.0,1.0,1.0,0.0,0.0,0.0,0.0,0.0,0.0,0.0,0.0,0.0,0.0,0.0,0.0,0.0,0.0,,,,,,
1.0946312,4.61047,0.0,0.0,0.0,0.0,0.0,0.0,0.0,0.0,,0.0,0.0,0.0,0.0,0.0,0.0,0.0,0.0,0.0,0.0,0.0,,,,,,0.0
1.4286957,5.4959607,0.0,0.0,0.0,0.0,0.0,0.0,0.0,0.0,,0.0,,0.0,0.0,0.0,,0.0,0.0,,0.0,0.0,0.0,0.0,,,,
4.525036,6.7802806,,,,,0.0,0.0,0.0,0.0,0.0,0.0,,0.0,0.0,0.0,0.0,0.0,0.0,0.0,0.0,0.0,,,,,,
9.0623255,8.027669,0.0,,,,0.0,0.0,0.0,,,,,,,,,,,1.0,1.0,,,,0.0,0.0,0.0,
1.4560318,5.0242357,0.0,0.0,,,,0.0,0.0,0.0,,,,,0.0,,,0.0,,,,0.0,,,,,,
3.3361762,7.243749,0.0,0.0,0.0,0.0,0.0,0.0,0.0,0.0,,0.0,0.0,0.0,0.0,0.0,0.0,0.0,0.0,0.0,0.0,0.0,0.0,0.0,,,,
1.1984155,4.6147547,0.0,0.0,0.0,0.0,0.0,0.0,,0.0,0.0,0.0,,0.0,0.0,0.0,0.0,0.0,0.0,0.0,0.0,0.0,0.0,0.0,,,,0.0
0.07043383,5.7287803,0.0,,0.0,0.0,,0.0,,,,0.0,,,0.0,,1.0,0.0,1.0,,1.0,0.0,0.0,0.0,,,,
1.313828,4.413995,,,,0.0,0.0,0.0,0.0,,,,,,,0.0,,,,0.0,0.0,,,,,,,
8.688375,7.816851,,,,,,,,,,,,0.0,,,1.0,0.0,0.0,1.0,1.0,0.0,0.0,,,,,
1.995491,6.289797,0.0,0.0,0.0,0.0,0.0,0.0,0.0,0.0,,,0.0,0.0,0.0,0.0,,0.0,0.0,1.0,1.0,0.0,,0.0,,,,
3.1984608,6.969345,,,,,,,,,,,,,,,,,0.0,,,0.0,0.0,0.0,,,,
1.4235198,5.3167977,,0.0,0.0,,0.0,0.0,0.0,0.0,,0.0,0.0,0.0,0.0,0.0,0.0,0.0,0.0,1.0,1.0,0.0,0.0,0.0,,,,
2.499372,7.3951187,0.0,,0.0,1.0,,0.0,0.0,0.0,,0.0,,0.0,0.0,,0.0,,,,1.0,0.0,,,,,,
0.9108894,4.641588,0.0,0.0,0.0,0.0,0.0,0.0,0.0,0.0,0.0,0.0,0.0,0.0,0.0,0.0,0.0,0.0,0.0,0.0,0.0,0.0,0.0,0.0,,,,
1.2037503,4.1483245,0.0,0.0,0.0,0.0,0.0,0.0,0.0,0.0,0.0,0.0,0.0,0.0,0.0,0.0,,0.0,0.0,0.0,0.0,0.0,,,,,,
1.94205,3.7976727,0.0,0.0,0.0,0.0,0.0,,0.0,0.0,0.0,0.0,0.0,0.0,0.0,0.0,0.0,0.0,0.0,0.0,0.0,0.0,0.0,0.0,,,,0.0
4.223742,7.5732293,,,,,,,,,,,,,,,0.0,,0.0,,0.0,0.0,0.0,0.0,,,,
-0.14059496,3.1542556,0.0,0.0,0.0,0.0,0.0,0.0,0.0,0.0,0.0,0.0,0.0,0.0,0.0,0.0,0.0,0.0,0.0,,0.0,0.0,0.0,0.0,,,,
3.472553,3.7166824,0.0,0.0,,0.0,0.0,0.0,0.0,0.0,,,0.0,0.0,0.0,,0.0,0.0,0.0,,0.0,0.0,,,,,,
4.2172456,7.0359635,,,0.0,,,,0.0,0.0,,,,,,,,,,,,,0.0,0.0,,,,
8.120406,11.794569,,0.0,0.0,0.0,0.0,0.0,0.0,0.0,0.0,0.0,,0.0,0.0,0.0,0.0,0.0,0.0,,,0.0,0.0,0.0,,,,
1.6168375,6.364143,,0.0,1.0,0.0,,0.0,,0.0,,0.0,,1.0,0.0,,1.0,,1.0,1.0,,0.0,,,,,,
-0.13964695,3.1562054,0.0,0.0,0.0,0.0,0.0,0.0,0.0,0.0,0.0,0.0,0.0,0.0,0.0,0.0,,0.0,0.0,0.0,0.0,0.0,,0.0,,,,0.0
0.064385645,8.914017,0.0,0.0,0.0,0.0,0.0,0.0,0.0,0.0,0.0,0.0,,0.0,0.0,0.0,0.0,0.0,0.0,0.0,0.0,0.0,0.0,0.0,,,,
4.307792,6.775853,,0.0,0.0,0.0,0.0,0.0,,0.0,0.0,0.0,,0.0,0.0,0.0,,0.0,0.0,0.0,0.0,0.0,,,,,,
4.0902433,6.8491096,0.0,0.0,0.0,0.0,0.0,0.0,0.0,0.0,0.0,,0.0,0.0,0.0,0.0,,0.0,0.0,0.0,0.0,0.0,0.0,0.0,,,,0.0
0.8914793,4.507459,0.0,0.0,0.0,0.0,0.0,0.0,,0.0,0.0,0.0,0.0,0.0,0.0,0.0,0.0,0.0,0.0,0.0,0.0,0.0,,0.0,,,,0.0
1.4039555,4.5881653,0.0,0.0,0.0,1.0,1.0,0.0,,0.0,,1.0,0.0,,0.0,0.0,0.0,0.0,0.0,1.0,1.0,0.0,0.0,0.0,,,,0.0
8.164264,11.752314,,0.0,0.0,0.0,0.0,0.0,0.0,0.0,0.0,0.0,,0.0,0.0,,0.0,0.0,0.0,0.0,0.0,0.0,0.0,0.0,,,,
8.205075,11.709529,,0.0,0.0,,0.0,0.0,0.0,0.0,0.0,0.0,,0.0,0.0,1.0,,,,,1.0,0.0,,,,,,
2.0392294,5.1742277,0.0,0.0,0.0,0.0,0.0,0.0,0.0,0.0,0.0,0.0,,0.0,0.0,0.0,0.0,0.0,0.0,0.0,0.0,0.0,,,,,,
1.1042038,4.7438407,0.0,0.0,0.0,0.0,0.0,0.0,0.0,0.0,0.0,0.0,,0.0,0.0,0.0,0.0,0.0,0.0,0.0,0.0,0.0,0.0,0.0,,,,
8.173047,11.742123,,,,,,,0.0,0.0,0.0,0.0,,,0.0,0.0,0.0,0.0,0.0,0.0,0.0,0.0,0.0,0.0,,,,
8.070997,2.9412155,,,,,,,,0.0,0.0,0.0,,,0.0,,0.0,1.0,0.0,1.0,1.0,0.0,,1.0,,,,
0.5480169,1.5175211,0.0,0.0,0.0,0.0,1.0,,0.0,0.0,,0.0,,0.0,0.0,1.0,0.0,,,1.0,1.0,0.0,0.0,0.0,,,,
2.497211,4.772802,0.0,0.0,0.0,0.0,0.0,0.0,0.0,0.0,,0.0,0.0,0.0,0.0,0.0,,0.0,,0.0,0.0,0.0,,,,,,0.0
1.5102913,4.2448974,0.0,0.0,0.0,0.0,0.0,0.0,0.0,0.0,0.0,0.0,,0.0,0.0,0.0,0.0,0.0,0.0,0.0,0.0,0.0,,0.0,,,,
1.4890279,4.2396255,0.0,0.0,0.0,0.0,0.0,0.0,,0.0,0.0,0.0,0.0,0.0,0.0,0.0,0.0,0.0,0.0,0.0,0.0,0.0,0.0,0.0,,,,
4.318692,7.376128,0.0,0.0,0.0,0.0,0.0,0.0,,0.0,0.0,0.0,,0.0,0.0,0.0,0.0,0.0,0.0,0.0,0.0,0.0,,,,,,
8.217414,11.696148,0.0,,0.0,0.0,0.0,0.0,0.0,0.0,,0.0,0.0,,0.0,0.0,,0.0,0.0,,,0.0,0.0,0.0,,,,
-0.69405067,4.575054,0.0,0.0,0.0,0.0,0.0,0.0,0.0,0.0,0.0,0.0,0.0,0.0,0.0,0.0,0.0,0.0,0.0,0.0,0.0,0.0,,,,,,
3.2613733,7.3923664,,0.0,0.0,0.0,0.0,,,0.0,0.0,,,0.0,0.0,0.0,0.0,0.0,0.0,0.0,0.0,0.0,0.0,0.0,,,,
0.5311515,1.4654615,,0.0,0.0,0.0,0.0,0.0,0.0,0.0,0.0,,0.0,0.0,0.0,0.0,0.0,0.0,0.0,,,0.0,,,,,,
1.5478435,4.5278006,0.0,,0.0,,0.0,0.0,,,,,,,,,,,,,,,,,,,,
2.839863,3.9263945,,,,,,,0.0,0.0,0.0,,0.0,0.0,,,,0.0,,,,,0.0,0.0,,,,
2.864881,4.035915,,,,,,,0.0,0.0,0.0,,0.0,,,,,0.0,,1.0,1.0,,0.0,0.0,,,,
0.6625947,-2.7810059,,0.0,0.0,0.0,0.0,0.0,0.0,0.0,,0.0,0.0,0.0,0.0,0.0,,0.0,0.0,,,0.0,0.0,,,,,
-0.2292562,5.1509376,0.0,0.0,0.0,0.0,0.0,0.0,0.0,1.0,0.0,0.0,0.0,0.0,0.0,0.0,,0.0,0.0,1.0,,1.0,0.0,0.0,,,,
1.1911861,4.491108,,,,,,,,,,,,,,,,,,0.0,0.0,,,,,,,
0.6953246,5.4883294,0.0,0.0,0.0,0.0,,0.0,0.0,,0.0,,0.0,0.0,0.0,,,,0.0,,,1.0,,,,,,
8.11502,6.8326297,0.0,0.0,0.0,,0.0,,,0.0,1.0,0.0,,,0.0,0.0,0.0,,,,,0.0,0.0,0.0,,,,
9.006495,6.6345353,0.0,,,,0.0,0.0,0.0,,,,,,,,,,,,,,,,0.0,0.0,0.0,0.0
2.65938,5.000655,0.0,,0.0,0.0,1.0,0.0,0.0,,,,,,,0.0,,,,1.0,1.0,,0.0,0.0,,,,
-0.035830773,8.671075,0.0,,0.0,0.0,0.0,0.0,,,,,,,,0.0,,,,0.0,0.0,,0.0,0.0,,,,
1.792164,5.7701197,0.0,0.0,0.0,0.0,0.0,0.0,0.0,0.0,0.0,0.0,0.0,0.0,0.0,0.0,,0.0,0.0,0.0,0.0,0.0,0.0,0.0,,,,
0.8467423,6.2143955,0.0,0.0,0.0,0.0,0.0,0.0,0.0,0.0,0.0,0.0,0.0,0.0,0.0,0.0,0.0,0.0,0.0,0.0,0.0,0.0,0.0,0.0,,,,0.0
3.196283,7.48074,0.0,,,0.0,0.0,0.0,0.0,0.0,,0.0,,0.0,0.0,0.0,0.0,0.0,0.0,1.0,,0.0,,,,,,
3.7692327,5.4778805,0.0,,0.0,,0.0,,0.0,0.0,1.0,,,,0.0,0.0,,0.0,0.0,1.0,1.0,0.0,,,,,,
0.6045233,5.754792,0.0,0.0,0.0,0.0,,0.0,0.0,0.0,,0.0,0.0,,0.0,,1.0,0.0,,,1.0,0.0,,,,,,0.0
3.5044174,7.6140933,,,,,,,,,,,,0.0,,,,0.0,1.0,1.0,1.0,0.0,0.0,0.0,,,,
2.76404,3.9266279,,0.0,0.0,0.0,0.0,0.0,,0.0,0.0,0.0,,0.0,0.0,0.0,0.0,0.0,0.0,0.0,0.0,0.0,0.0,0.0,,,,
1.9735187,4.5859175,,0.0,0.0,0.0,0.0,0.0,,0.0,0.0,0.0,0.0,0.0,0.0,,0.0,,,1.0,,0.0,,,,,,
0.8411644,4.6319838,0.0,0.0,0.0,0.0,0.0,0.0,0.0,0.0,0.0,0.0,,0.0,0.0,0.0,0.0,0.0,0.0,0.0,0.0,1.0,0.0,0.0,,,,0.0
0.5294907,1.4757632,,0.0,0.0,0.0,,0.0,0.0,0.0,0.0,,0.0,0.0,0.0,0.0,0.0,,0.0,0.0,0.0,0.0,,,,,,
9.178032,7.651393,0.0,,,,0.0,0.0,0.0,,,,,,,,,,,,1.0,,,,0.0,1.0,0.0,0.0
2.9929235,5.3318305,,0.0,0.0,0.0,0.0,0.0,,0.0,0.0,0.0,0.0,0.0,0.0,,0.0,0.0,0.0,0.0,0.0,0.0,0.0,0.0,,,,
-0.7001777,5.6438646,,,0.0,,,1.0,1.0,,,0.0,,,,1.0,,0.0,0.0,1.0,,0.0,0.0,0.0,,,,
3.9407465,6.7346816,,,,,,,,,,,,,,,,,,1.0,,0.0,0.0,0.0,,,,
1.6260594,4.4723506,0.0,,0.0,0.0,1.0,,0.0,0.0,,0.0,,,0.0,,,,,1.0,1.0,0.0,,,,,,
1.5137404,4.8686914,,0.0,0.0,0.0,0.0,0.0,1.0,0.0,0.0,,0.0,0.0,0.0,0.0,0.0,0.0,0.0,1.0,,0.0,,0.0,,,,
3.1370585,5.3461866,0.0,0.0,0.0,0.0,0.0,,0.0,0.0,0.0,0.0,0.0,0.0,0.0,,,0.0,0.0,,,1.0,0.0,0.0,,,,
-0.3966889,4.4983406,0.0,0.0,0.0,0.0,0.0,0.0,0.0,0.0,0.0,0.0,0.0,0.0,0.0,0.0,0.0,0.0,0.0,0.0,0.0,0.0,,0.0,,,,0.0
-0.22828072,4.688447,0.0,0.0,0.0,0.0,0.0,0.0,0.0,0.0,0.0,0.0,0.0,,0.0,0.0,0.0,0.0,0.0,,0.0,0.0,,0.0,,,,
-1.2633858,5.985726,0.0,0.0,0.0,0.0,0.0,0.0,0.0,0.0,0.0,0.0,0.0,0.0,0.0,0.0,0.0,0.0,0.0,0.0,0.0,0.0,,,,,,
8.176771,11.73827,,0.0,0.0,,0.0,0.0,0.0,0.0,0.0,0.0,,0.0,0.0,0.0,,0.0,0.0,,,0.0,0.0,0.0,,,,
2.5215325,4.264886,0.0,0.0,0.0,0.0,0.0,0.0,0.0,0.0,0.0,0.0,0.0,0.0,0.0,0.0,0.0,,0.0,0.0,0.0,0.0,,,,,,
8.117323,6.829089,0.0,,0.0,,0.0,,0.0,,,,,,,,,,,,1.0,0.0,0.0,0.0,,,,
1.3679026,5.265712,0.0,0.0,0.0,0.0,0.0,0.0,0.0,0.0,0.0,0.0,0.0,0.0,0.0,0.0,0.0,0.0,0.0,,,0.0,,,,,,
-0.13766348,4.8889976,0.0,,0.0,1.0,0.0,0.0,1.0,1.0,,0.0,,0.0,0.0,0.0,0.0,0.0,0.0,,,0.0,,0.0,,,,0.0
-0.33499527,4.4580755,0.0,0.0,0.0,0.0,0.0,0.0,0.0,0.0,0.0,0.0,0.0,0.0,0.0,0.0,0.0,0.0,0.0,0.0,0.0,0.0,0.0,0.0,,,,
-0.6896722,5.2531595,,,,,,,,0.0,0.0,,0.0,,0.0,0.0,0.0,,0.0,0.0,0.0,0.0,0.0,0.0,,,,
2.4422295,6.3222036,0.0,,0.0,,0.0,0.0,,,,,,,,,,,,,,,,,0.0,,0.0,0.0
0.88466185,3.838445,0.0,0.0,0.0,0.0,0.0,0.0,0.0,0.0,0.0,0.0,0.0,0.0,0.0,0.0,0.0,0.0,0.0,0.0,0.0,0.0,0.0,0.0,,,,
3.2458513,7.052895,0.0,0.0,0.0,0.0,0.0,0.0,0.0,0.0,,0.0,,,0.0,,,,,,,0.0,0.0,0.0,,,,
-0.45269373,4.903153,0.0,0.0,0.0,0.0,0.0,0.0,0.0,0.0,0.0,0.0,0.0,0.0,0.0,0.0,0.0,0.0,0.0,0.0,0.0,0.0,0.0,0.0,,,,
8.265201,3.1345048,,,,,,,0.0,0.0,,0.0,,,0.0,,,,,,1.0,0.0,1.0,1.0,,,,
9.134559,6.600255,0.0,,,,0.0,0.0,0.0,,,,,,,,,,,,,,,,0.0,,0.0,0.0
1.143432,4.1146984,0.0,0.0,0.0,0.0,0.0,0.0,0.0,0.0,0.0,0.0,,0.0,0.0,0.0,0.0,0.0,0.0,0.0,0.0,0.0,,,,,,
1.7352067,4.5065536,0.0,0.0,0.0,0.0,,,0.0,0.0,0.0,0.0,,0.0,0.0,0.0,,,0.0,,0.0,0.0,0.0,0.0,,,,
9.291903,7.7721004,0.0,,,,0.0,0.0,0.0,,,,,,,,,,,,,,,,0.0,1.0,0.0,0.0
0.72740036,1.6239451,0.0,0.0,0.0,1.0,1.0,1.0,0.0,0.0,1.0,1.0,1.0,1.0,1.0,,,,,1.0,1.0,0.0,,,,,,
9.283113,7.3101397,0.0,,,,0.0,0.0,0.0,,,,,,,,,,,,,,,,,,0.0,0.0
1.6065886,4.384138,0.0,0.0,0.0,0.0,0.0,0.0,0.0,0.0,,0.0,0.0,0.0,0.0,0.0,0.0,0.0,0.0,1.0,,0.0,,0.0,,,,0.0
0.70437145,-2.76492,,,0.0,0.0,0.0,0.0,0.0,0.0,,,,,0.0,0.0,0.0,0.0,0.0,0.0,0.0,0.0,0.0,0.0,,,,
0.698804,-2.7623405,,0.0,,0.0,,,0.0,0.0,,,,,0.0,0.0,,0.0,0.0,0.0,0.0,0.0,0.0,0.0,,,,
0.6956267,-2.7628238,,0.0,0.0,0.0,,,0.0,0.0,0.0,0.0,0.0,,0.0,0.0,,,0.0,0.0,0.0,0.0,0.0,0.0,,,,
0.7060737,-2.7650826,,0.0,0.0,0.0,,0.0,0.0,0.0,0.0,0.0,0.0,0.0,0.0,0.0,,,0.0,0.0,0.0,0.0,0.0,0.0,,,,
1.9561478,5.4363866,,,,,,,,,,,,,,,0.0,,0.0,1.0,,0.0,0.0,0.0,,,,
4.628907,6.2444673,,,,,0.0,0.0,,0.0,0.0,0.0,0.0,0.0,0.0,,0.0,0.0,0.0,0.0,0.0,0.0,0.0,0.0,,,,
9.036645,8.049233,,,,,0.0,0.0,0.0,,,,,,,,,,,,0.0,,,,0.0,1.0,,0.0
4.329244,7.3631563,,,,0.0,0.0,0.0,0.0,0.0,0.0,,,0.0,0.0,,0.0,0.0,,1.0,1.0,0.0,0.0,0.0,,,,
9.583954,6.4191008,0.0,,,,0.0,0.0,0.0,,,,,,,,,,,0.0,0.0,,,,0.0,0.0,0.0,0.0
9.034382,6.6281004,0.0,,,,,,0.0,,,,,,,,,,,,,,,,0.0,,,
0.47902617,1.4342663,,0.0,0.0,0.0,0.0,0.0,0.0,0.0,0.0,0.0,0.0,0.0,0.0,0.0,0.0,,0.0,0.0,,0.0,,,,,,0.0
4.1858687,7.5037017,,,,,,,,,,,,,,,,0.0,0.0,0.0,0.0,0.0,0.0,0.0,,,,
7.7062144,3.9439669,0.0,,0.0,,0.0,0.0,,,,,,,,,,,,,,,,,,,,
2.7149436,4.8457675,,,,,,,,,,,,,,,0.0,0.0,0.0,0.0,0.0,0.0,0.0,0.0,,,,
1.8871781,4.683675,0.0,0.0,0.0,0.0,0.0,0.0,0.0,0.0,0.0,0.0,0.0,0.0,0.0,0.0,0.0,0.0,0.0,,0.0,0.0,,0.0,,,,
-1.2720271,5.3572516,0.0,0.0,0.0,0.0,0.0,0.0,1.0,0.0,0.0,0.0,,0.0,0.0,0.0,0.0,0.0,0.0,0.0,0.0,,0.0,0.0,,,,
1.3352983,6.6367393,0.0,1.0,1.0,1.0,1.0,,0.0,0.0,,0.0,1.0,1.0,0.0,,,,1.0,1.0,1.0,0.0,1.0,,,,,
0.2766291,4.536021,0.0,0.0,0.0,0.0,0.0,0.0,0.0,,0.0,0.0,0.0,0.0,,0.0,0.0,0.0,0.0,,0.0,0.0,0.0,0.0,,,,
0.24674243,5.7420535,,,,,,,,,,,,,,,,1.0,,1.0,1.0,0.0,0.0,0.0,,,,
1.4774089,4.9910417,0.0,0.0,0.0,0.0,0.0,0.0,0.0,0.0,0.0,0.0,0.0,0.0,0.0,0.0,0.0,,0.0,0.0,0.0,0.0,0.0,0.0,,,,
1.4012455,4.7102184,0.0,0.0,0.0,0.0,0.0,0.0,,0.0,0.0,0.0,0.0,0.0,0.0,0.0,0.0,0.0,0.0,0.0,0.0,0.0,0.0,0.0,,,,
3.6528044,7.425503,,,,,,,,0.0,0.0,,0.0,0.0,0.0,0.0,,0.0,0.0,,,0.0,0.0,0.0,,,,
0.68758005,1.6403888,0.0,0.0,0.0,,0.0,0.0,,0.0,0.0,,,0.0,,0.0,0.0,0.0,0.0,,1.0,0.0,,,,,,
1.2430508,6.4786806,,,,,,,,0.0,0.0,,,,0.0,,0.0,0.0,0.0,0.0,0.0,0.0,,,,,,
3.932635,7.508139,0.0,,0.0,,0.0,0.0,,,,,,,,,,,,,,,,,,,,
4.3927236,6.0327983,,0.0,0.0,0.0,0.0,0.0,,0.0,0.0,,0.0,,0.0,,,0.0,0.0,,0.0,0.0,0.0,0.0,,,,
2.0202868,6.273848,0.0,,0.0,0.0,0.0,0.0,0.0,0.0,,0.0,0.0,0.0,0.0,0.0,0.0,0.0,0.0,,,0.0,,0.0,,,,
2.9482682,6.188192,,,,,,1.0,1.0,0.0,0.0,0.0,,1.0,0.0,0.0,,,0.0,,,0.0,0.0,0.0,,,,
2.420718,5.19859,,0.0,0.0,1.0,,,0.0,0.0,1.0,0.0,,,,,,,,1.0,1.0,0.0,,1.0,,,,
1.8486023,5.4660687,0.0,,0.0,,0.0,0.0,0.0,,,,,,,,,,,,,,,,,,,
1.1354293,6.0558014,0.0,0.0,0.0,0.0,0.0,0.0,0.0,0.0,0.0,0.0,0.0,0.0,0.0,0.0,0.0,0.0,0.0,0.0,0.0,0.0,,,,,,0.0
0.51261735,5.7917156,0.0,0.0,0.0,0.0,0.0,,0.0,0.0,0.0,0.0,0.0,0.0,0.0,0.0,0.0,0.0,0.0,0.0,0.0,0.0,0.0,0.0,,,,
3.1994746,6.9885616,,,,,,,,,,,,,,,,,0.0,,,0.0,,0.0,,,,
-0.032735717,8.843308,,0.0,0.0,0.0,0.0,,,0.0,0.0,0.0,0.0,0.0,0.0,0.0,0.0,0.0,0.0,0.0,0.0,0.0,,,,,,
0.57458234,2.2909558,0.0,0.0,0.0,0.0,0.0,0.0,0.0,0.0,0.0,0.0,0.0,0.0,0.0,0.0,0.0,0.0,0.0,0.0,0.0,0.0,0.0,0.0,,,,0.0
0.026404204,8.817064,0.0,0.0,0.0,0.0,0.0,0.0,0.0,0.0,0.0,,0.0,0.0,0.0,0.0,0.0,0.0,0.0,0.0,,0.0,,,,,,
2.3793392,7.1770124,0.0,0.0,0.0,0.0,0.0,0.0,0.0,0.0,0.0,0.0,0.0,,0.0,,,0.0,0.0,0.0,0.0,0.0,0.0,0.0,,,,
-1.0457593,5.4719415,,0.0,0.0,0.0,0.0,0.0,0.0,0.0,0.0,0.0,0.0,0.0,0.0,0.0,0.0,0.0,0.0,0.0,0.0,0.0,,,,,,
1.2135768,6.570236,0.0,0.0,0.0,0.0,0.0,0.0,0.0,0.0,0.0,0.0,0.0,0.0,0.0,0.0,0.0,0.0,0.0,,0.0,0.0,0.0,0.0,,,,
0.52488035,4.0948935,0.0,0.0,0.0,0.0,1.0,1.0,0.0,0.0,0.0,0.0,0.0,0.0,0.0,0.0,0.0,0.0,0.0,0.0,0.0,0.0,0.0,0.0,,,,
3.7260854,5.473036,,0.0,0.0,0.0,0.0,0.0,,0.0,0.0,0.0,0.0,0.0,0.0,0.0,0.0,0.0,0.0,0.0,0.0,0.0,,,,,,
-1.2136114,5.8529186,0.0,0.0,0.0,0.0,0.0,0.0,,0.0,,,,0.0,0.0,0.0,0.0,0.0,0.0,,,0.0,0.0,0.0,,,,
3.2427268,7.4319587,0.0,,0.0,0.0,,,0.0,0.0,,0.0,,,0.0,0.0,0.0,,1.0,1.0,1.0,0.0,,,,,,
2.7246633,8.026768,,,0.0,,,,0.0,0.0,0.0,,0.0,0.0,,,0.0,0.0,,0.0,0.0,,0.0,0.0,,,,
2.4172714,4.348814,,,,,,,,,,,,0.0,,,0.0,0.0,0.0,,0.0,0.0,0.0,0.0,,,,
3.3328786,7.306552,0.0,0.0,0.0,0.0,0.0,0.0,0.0,0.0,0.0,0.0,,,0.0,0.0,0.0,0.0,0.0,,0.0,0.0,,,,,,
2.945351,6.6140323,0.0,0.0,0.0,0.0,0.0,0.0,,0.0,0.0,0.0,0.0,0.0,0.0,0.0,,0.0,0.0,0.0,0.0,0.0,0.0,0.0,,,,
0.8542921,5.165258,1.0,0.0,0.0,0.0,0.0,0.0,0.0,0.0,,0.0,,0.0,0.0,0.0,,,0.0,0.0,0.0,,,,,,,
3.1031728,7.0344706,,0.0,,0.0,0.0,0.0,0.0,0.0,0.0,0.0,,0.0,0.0,0.0,0.0,0.0,0.0,,,0.0,0.0,0.0,,,,
1.2457433,6.8164654,0.0,0.0,1.0,,0.0,,0.0,0.0,,0.0,,,0.0,0.0,1.0,0.0,,1.0,1.0,0.0,,,,,,
9.190315,7.2314234,0.0,,,,0.0,0.0,0.0,,,,,,,,,,,,0.0,,,,0.0,0.0,0.0,
0.9513704,6.655456,0.0,,0.0,,,,0.0,0.0,,,0.0,0.0,0.0,1.0,0.0,0.0,0.0,,,0.0,0.0,0.0,,,,
0.9215717,6.63956,0.0,0.0,0.0,0.0,0.0,0.0,0.0,0.0,0.0,,0.0,0.0,0.0,0.0,0.0,0.0,0.0,,,0.0,0.0,0.0,,,,
3.335193,6.2044487,0.0,0.0,0.0,0.0,0.0,0.0,0.0,0.0,0.0,0.0,0.0,0.0,0.0,0.0,0.0,0.0,0.0,0.0,0.0,0.0,,,,,,
-0.72803557,5.694442,1.0,0.0,0.0,,0.0,0.0,,,0.0,0.0,0.0,,0.0,,0.0,0.0,0.0,0.0,0.0,,,,,,,
1.583469,4.508896,0.0,,0.0,,0.0,0.0,,,,,0.0,,,,,,,,,,,,0.0,,,0.0
1.7636164,6.3442526,0.0,0.0,0.0,0.0,0.0,0.0,0.0,0.0,,,0.0,0.0,0.0,0.0,0.0,0.0,0.0,,0.0,0.0,0.0,0.0,,,,
1.3496915,5.750215,0.0,0.0,0.0,0.0,0.0,0.0,0.0,0.0,0.0,0.0,0.0,0.0,0.0,0.0,0.0,0.0,0.0,0.0,0.0,0.0,0.0,0.0,,,,0.0
3.3836942,7.5156484,0.0,0.0,0.0,0.0,,,0.0,0.0,,0.0,,,0.0,,,0.0,1.0,,,0.0,,,,,,
1.2416034,5.712186,,,,,0.0,0.0,,0.0,0.0,0.0,0.0,0.0,0.0,0.0,0.0,0.0,0.0,0.0,0.0,0.0,0.0,0.0,,,,
1.2204899,6.8448577,,,,,,,,0.0,,,1.0,,,1.0,1.0,0.0,1.0,,1.0,0.0,,,,,,
3.9627855,3.5280318,1.0,,,1.0,,1.0,1.0,1.0,1.0,,1.0,,0.0,,0.0,,0.0,1.0,1.0,0.0,0.0,0.0,,,,
3.7061665,7.028939,,0.0,0.0,0.0,0.0,0.0,0.0,0.0,0.0,0.0,,0.0,0.0,0.0,0.0,0.0,0.0,0.0,0.0,0.0,,,,,,
2.8847196,5.519316,,,,,,,,,,,0.0,,,,,,,,,,,,,,,
-0.8104409,4.5862975,0.0,0.0,0.0,0.0,0.0,0.0,,0.0,0.0,0.0,0.0,0.0,0.0,0.0,0.0,,0.0,0.0,0.0,0.0,,0.0,,,,
9.289787,6.6900554,0.0,,,,0.0,0.0,0.0,,,,,,,,,,,0.0,0.0,,,,0.0,,0.0,0.0
8.120071,6.83227,0.0,0.0,0.0,0.0,0.0,0.0,,0.0,,,,,0.0,,0.0,1.0,0.0,1.0,1.0,0.0,0.0,0.0,,,,
3.170976,7.624859,0.0,0.0,,0.0,,0.0,0.0,0.0,1.0,,,,0.0,0.0,,0.0,0.0,1.0,1.0,0.0,,,,,,
9.56099,6.45276,0.0,,,,0.0,0.0,0.0,,,,,,,,,,,0.0,0.0,,,,1.0,,,0.0
0.49502623,4.76334,,,,,0.0,0.0,0.0,0.0,0.0,0.0,,0.0,0.0,0.0,0.0,0.0,0.0,1.0,1.0,0.0,0.0,,,,,
-1.0088992,6.125867,0.0,0.0,0.0,0.0,0.0,0.0,0.0,0.0,0.0,0.0,0.0,0.0,0.0,0.0,,0.0,0.0,0.0,0.0,0.0,0.0,0.0,,,,
4.4231668,7.536977,,,,,,,0.0,0.0,,0.0,0.0,0.0,0.0,0.0,0.0,0.0,0.0,1.0,1.0,0.0,0.0,0.0,,,,
8.145878,11.76967,,,,,,,,0.0,0.0,,,,0.0,0.0,0.0,0.0,0.0,0.0,0.0,0.0,0.0,0.0,,,,
8.119571,11.793629,,,,,,,,0.0,0.0,,,0.0,0.0,0.0,,0.0,0.0,,,0.0,0.0,0.0,,,,
8.158874,11.755779,,,,,,,,0.0,0.0,,,0.0,0.0,0.0,,0.0,0.0,,,0.0,0.0,0.0,,,,
3.433334,5.3607783,,0.0,0.0,0.0,0.0,0.0,0.0,0.0,0.0,0.0,0.0,0.0,0.0,0.0,0.0,0.0,0.0,1.0,,0.0,0.0,0.0,,,,
9.508928,6.5372806,0.0,,,,0.0,0.0,0.0,,,,,,,,,,,0.0,0.0,,,,0.0,,0.0,0.0
3.8692958,6.699031,,0.0,0.0,0.0,0.0,,0.0,0.0,0.0,0.0,,0.0,0.0,0.0,0.0,0.0,0.0,0.0,0.0,0.0,0.0,0.0,,,,
0.031493988,8.824094,0.0,0.0,0.0,,0.0,0.0,0.0,0.0,0.0,0.0,0.0,0.0,0.0,0.0,0.0,0.0,0.0,0.0,0.0,0.0,,0.0,,,,
7.9953876,3.2764902,,,,,,,0.0,0.0,0.0,0.0,,,0.0,,,1.0,,1.0,,0.0,0.0,0.0,,,,
3.5944448,7.4889503,,0.0,0.0,0.0,0.0,0.0,,1.0,0.0,0.0,0.0,,0.0,0.0,,0.0,0.0,0.0,0.0,0.0,,0.0,,,,
2.4681568,5.1162786,,,,,,,,0.0,0.0,0.0,,0.0,0.0,,0.0,0.0,0.0,0.0,0.0,0.0,,,,,,
0.5113505,1.6140846,0.0,0.0,0.0,1.0,1.0,0.0,0.0,0.0,1.0,,,,,,,,1.0,1.0,1.0,0.0,,,,,,
3.4567106,7.592569,,,,,,,,,,,,,,,,0.0,,,,0.0,0.0,0.0,,,,
9.091217,6.7774143,0.0,,,,0.0,0.0,0.0,,,,,,,,,,,1.0,1.0,,,,0.0,0.0,1.0,1.0
9.172037,7.2807374,0.0,,,,0.0,0.0,0.0,,,,,,,,,,,0.0,0.0,,,,0.0,1.0,0.0,0.0
9.553484,6.42672,0.0,,,,0.0,0.0,0.0,,,,,,,,,,,0.0,0.0,,,,0.0,1.0,0.0,0.0
1.8506403,3.5614195,0.0,0.0,0.0,0.0,0.0,0.0,0.0,0.0,0.0,0.0,0.0,0.0,0.0,0.0,0.0,0.0,0.0,0.0,,0.0,0.0,0.0,,,,
3.6717763,5.413483,,,0.0,,0.0,0.0,0.0,0.0,1.0,,,0.0,0.0,1.0,,0.0,,1.0,,0.0,,0.0,,,,
2.945684,6.2527876,,,,,0.0,0.0,1.0,0.0,0.0,0.0,,0.0,0.0,,0.0,0.0,0.0,,,0.0,0.0,0.0,,,,
2.957053,6.246062,,,,,0.0,0.0,,0.0,0.0,0.0,,,0.0,0.0,0.0,0.0,0.0,,,0.0,,0.0,,,,
0.86040187,6.2137837,0.0,,0.0,,,0.0,0.0,0.0,0.0,,0.0,0.0,0.0,0.0,0.0,0.0,0.0,,,0.0,,,,,,
4.165478,7.0211635,0.0,0.0,0.0,0.0,0.0,0.0,0.0,0.0,,0.0,0.0,0.0,0.0,0.0,0.0,0.0,,0.0,0.0,0.0,,,,,,
2.183221,4.673304,,0.0,0.0,0.0,0.0,0.0,,0.0,0.0,0.0,,,0.0,1.0,,,0.0,,,0.0,,,,,,
4.4145966,7.1993494,,,,,,,,,,,,,,,0.0,,0.0,,1.0,0.0,0.0,0.0,,,,
8.10841,2.957713,0.0,,0.0,0.0,1.0,1.0,0.0,0.0,0.0,0.0,,,0.0,,1.0,1.0,,,,0.0,0.0,0.0,,,,
8.1086445,2.9445848,0.0,0.0,0.0,0.0,0.0,0.0,0.0,0.0,0.0,0.0,,0.0,0.0,0.0,,,0.0,,,0.0,0.0,0.0,,,,
2.4582927,7.571085,,0.0,0.0,0.0,,0.0,,0.0,0.0,0.0,0.0,0.0,0.0,0.0,0.0,0.0,0.0,0.0,0.0,0.0,0.0,0.0,,,,
4.1922936,6.445605,0.0,0.0,,0.0,0.0,,,0.0,0.0,0.0,,0.0,0.0,,,0.0,0.0,,,0.0,,,,,,
8.105463,6.836046,,,,,,,,,,,,,,,,1.0,,,,0.0,0.0,0.0,,,,
3.1980321,4.42022,0.0,0.0,0.0,0.0,0.0,0.0,0.0,0.0,0.0,0.0,,0.0,0.0,0.0,0.0,0.0,0.0,0.0,0.0,0.0,,,,,,
-0.7761927,4.732242,,,0.0,0.0,0.0,0.0,0.0,0.0,0.0,0.0,,0.0,0.0,0.0,0.0,0.0,0.0,0.0,0.0,0.0,,,,,,
2.2137113,4.5288506,0.0,0.0,1.0,0.0,0.0,0.0,1.0,,0.0,0.0,0.0,,0.0,0.0,0.0,0.0,0.0,1.0,1.0,,,0.0,,,,0.0
2.8877802,5.5074825,0.0,,0.0,,0.0,0.0,,,,,,,,,,,,,,,,,0.0,0.0,0.0,0.0
4.2129073,7.414114,,0.0,0.0,0.0,0.0,0.0,0.0,0.0,0.0,0.0,0.0,0.0,0.0,0.0,,0.0,,0.0,0.0,0.0,,0.0,,,,
7.7103324,3.942676,0.0,0.0,0.0,0.0,0.0,0.0,0.0,0.0,,0.0,,0.0,0.0,0.0,0.0,0.0,0.0,,,0.0,0.0,0.0,,,,
3.6283088,7.2458777,0.0,0.0,0.0,0.0,0.0,0.0,0.0,0.0,0.0,,,0.0,0.0,0.0,0.0,0.0,0.0,,,0.0,0.0,0.0,,,,
9.148964,8.010546,0.0,,,,0.0,0.0,0.0,,,,,,,,,,,,0.0,,,,0.0,1.0,0.0,0.0
3.3543324,6.450011,0.0,0.0,0.0,0.0,0.0,0.0,0.0,0.0,,0.0,0.0,0.0,,,0.0,0.0,0.0,0.0,0.0,0.0,,,,,,
9.316379,7.6477294,0.0,,,,0.0,0.0,,,,,,,,,,,,1.0,,,,,0.0,0.0,0.0,0.0
2.720761,6.797477,,,,,,0.0,,,,,,,,,,,,,,,,,,,,
0.5232538,1.5823716,,0.0,0.0,,0.0,,0.0,0.0,1.0,,,,0.0,,,0.0,0.0,1.0,1.0,0.0,,,,,,
2.364788,6.151845,0.0,,0.0,,0.0,0.0,,,,,,,,,,,,0.0,,,,,1.0,,0.0,0.0
3.3104336,6.6554074,,,,,,,,,,,,0.0,,,,0.0,,0.0,0.0,0.0,0.0,0.0,,,,
0.906015,6.2406154,,0.0,0.0,0.0,0.0,0.0,0.0,0.0,0.0,0.0,0.0,0.0,0.0,0.0,0.0,0.0,0.0,0.0,0.0,0.0,,,,,,
2.2915905,4.879039,,,,,,,,,,,,,,,,,1.0,1.0,,0.0,,,,,,
2.3496869,4.83689,,,,,,,,,,,,,,,0.0,,1.0,1.0,1.0,0.0,0.0,0.0,,,,
0.51467276,4.80641,,,,,0.0,0.0,0.0,0.0,0.0,0.0,,0.0,0.0,,0.0,0.0,0.0,1.0,1.0,0.0,0.0,0.0,,,,
1.6656169,6.3021064,,,,,,,,,,,,,,,,,0.0,,,0.0,,0.0,,,,
9.245587,6.7226815,0.0,,,,0.0,0.0,0.0,,,,,,,,,,,0.0,0.0,,,,0.0,,0.0,
0.88452995,5.3661766,0.0,,0.0,,,,0.0,0.0,1.0,,1.0,1.0,0.0,1.0,,,1.0,,,0.0,1.0,,,,,
8.09516,11.819956,,,,,,,,0.0,0.0,,,0.0,0.0,0.0,0.0,0.0,0.0,0.0,0.0,0.0,0.0,0.0,,,,
0.8529113,6.2522945,0.0,0.0,0.0,0.0,0.0,0.0,,0.0,0.0,0.0,0.0,0.0,0.0,,0.0,0.0,0.0,0.0,0.0,0.0,0.0,0.0,,,,0.0
2.3860455,5.749722,,,,,,,,,,,,,,,0.0,,0.0,1.0,1.0,0.0,0.0,0.0,,,,
-0.37549153,5.141962,,,,,0.0,0.0,0.0,0.0,0.0,0.0,,0.0,0.0,0.0,0.0,0.0,0.0,0.0,0.0,0.0,,,,,,
0.018870344,8.918939,,0.0,0.0,0.0,0.0,0.0,0.0,0.0,0.0,0.0,,0.0,0.0,0.0,0.0,0.0,0.0,0.0,0.0,0.0,,,,,,
1.1908356,-2.8184102,,,,,,,,,,,,0.0,,,0.0,0.0,,,,0.0,0.0,0.0,,,,
-0.70759726,4.6209564,,0.0,0.0,0.0,0.0,1.0,,0.0,0.0,0.0,,0.0,0.0,0.0,0.0,0.0,0.0,0.0,0.0,0.0,,1.0,,,,
-1.0846908,5.727752,0.0,0.0,0.0,0.0,0.0,0.0,0.0,0.0,0.0,0.0,0.0,0.0,0.0,0.0,0.0,0.0,0.0,0.0,0.0,0.0,,0.0,,,,0.0
0.8700423,6.2369833,0.0,0.0,0.0,0.0,0.0,0.0,0.0,0.0,0.0,0.0,0.0,0.0,0.0,0.0,0.0,,0.0,0.0,0.0,0.0,,,,,,
0.05910864,8.966309,,0.0,0.0,0.0,0.0,0.0,0.0,0.0,0.0,1.0,0.0,0.0,0.0,0.0,0.0,0.0,0.0,,0.0,0.0,,,,,,
9.472203,6.5951123,0.0,,,,0.0,0.0,0.0,,,,,,,,,,,,0.0,,,,0.0,1.0,0.0,0.0
3.939569,3.6101394,0.0,0.0,0.0,0.0,0.0,0.0,0.0,0.0,0.0,0.0,0.0,0.0,0.0,0.0,0.0,0.0,0.0,0.0,0.0,0.0,,,,,,
1.6687601,4.48241,0.0,,1.0,,,,0.0,0.0,,0.0,,1.0,0.0,0.0,1.0,,,1.0,1.0,0.0,,1.0,,,,
0.18464787,5.1441255,,,,,,,,0.0,0.0,,0.0,0.0,0.0,0.0,0.0,0.0,0.0,0.0,0.0,0.0,0.0,0.0,,,,
4.3654494,7.4436636,,,,,,,,0.0,0.0,0.0,0.0,0.0,0.0,0.0,,0.0,0.0,,,0.0,0.0,0.0,,,,
3.9541707,6.7074027,,0.0,0.0,0.0,0.0,0.0,0.0,0.0,0.0,0.0,,0.0,0.0,0.0,0.0,0.0,0.0,0.0,0.0,0.0,0.0,0.0,,,,
3.3508656,6.7068586,,,,,,,,,,,,0.0,,,0.0,0.0,,0.0,0.0,0.0,0.0,0.0,,,,
3.3430934,7.193333,0.0,0.0,0.0,0.0,0.0,0.0,0.0,0.0,0.0,0.0,0.0,0.0,0.0,0.0,0.0,0.0,0.0,0.0,0.0,0.0,,,,,,
4.6052136,6.191164,0.0,0.0,0.0,0.0,0.0,0.0,,0.0,0.0,0.0,,0.0,0.0,0.0,0.0,0.0,0.0,,0.0,0.0,,,,,,
4.346369,7.2191205,,,,,,,,,,,,,,,0.0,,0.0,0.0,0.0,0.0,,0.0,,,,
1.75548,4.5905437,0.0,0.0,0.0,0.0,,0.0,0.0,0.0,,0.0,0.0,0.0,0.0,0.0,,0.0,0.0,1.0,,0.0,,,,,,0.0
-1.318896,5.8373713,0.0,0.0,0.0,0.0,0.0,0.0,0.0,0.0,0.0,,0.0,,0.0,0.0,0.0,0.0,,0.0,0.0,0.0,0.0,0.0,,,,
-1.3813376,5.170146,0.0,0.0,0.0,0.0,0.0,0.0,0.0,0.0,,0.0,0.0,0.0,0.0,0.0,0.0,0.0,0.0,,0.0,0.0,,0.0,,,,0.0
-1.3139498,5.7838373,0.0,0.0,0.0,0.0,0.0,0.0,0.0,0.0,0.0,0.0,0.0,0.0,0.0,0.0,0.0,0.0,0.0,0.0,0.0,0.0,,,,,,
2.9121184,7.829733,,,,,,,0.0,0.0,0.0,,,,,,0.0,0.0,,,1.0,,0.0,0.0,,,,
7.9860945,3.287209,,,,,,,,,,,,,,,,,,,,,,,0.0,1.0,1.0,0.0
4.150071,7.0138555,,,,,1.0,0.0,,0.0,,,,1.0,0.0,,,,1.0,1.0,,1.0,,,,,,
-1.321705,5.836882,,0.0,0.0,0.0,0.0,0.0,0.0,0.0,0.0,0.0,0.0,0.0,0.0,0.0,0.0,0.0,0.0,0.0,0.0,0.0,,,,,,
9.219991,6.9947357,0.0,,,,0.0,0.0,0.0,,,,,,,,,,,,,,,,1.0,0.0,,0.0
4.0445642,7.099262,,0.0,0.0,0.0,0.0,0.0,0.0,0.0,0.0,0.0,0.0,0.0,0.0,0.0,0.0,0.0,0.0,0.0,0.0,0.0,0.0,0.0,,,,
1.5905561,4.564804,,,,0.0,0.0,0.0,0.0,,,,,,,0.0,,,,0.0,0.0,,,,,,,
2.4083557,6.96018,0.0,0.0,0.0,0.0,0.0,0.0,0.0,0.0,0.0,0.0,0.0,0.0,0.0,0.0,0.0,0.0,0.0,0.0,0.0,0.0,0.0,0.0,,,,
3.177578,6.7206955,0.0,0.0,0.0,0.0,0.0,0.0,0.0,0.0,,0.0,0.0,0.0,0.0,0.0,0.0,0.0,0.0,0.0,0.0,0.0,,0.0,,,,
0.4683107,4.537986,0.0,0.0,0.0,,0.0,0.0,0.0,0.0,0.0,0.0,0.0,0.0,0.0,0.0,,0.0,0.0,0.0,0.0,0.0,0.0,0.0,,,,
1.5234716,5.5789647,0.0,0.0,0.0,,0.0,0.0,0.0,0.0,0.0,0.0,,0.0,0.0,0.0,0.0,,,0.0,0.0,0.0,,,,,,0.0
3.1765704,7.4838934,0.0,1.0,1.0,0.0,,1.0,0.0,0.0,,0.0,,0.0,0.0,,,0.0,,1.0,,0.0,,,,,,
1.3215592,4.6567373,,,,,,,,,,,,1.0,,,,1.0,,1.0,1.0,0.0,1.0,1.0,,,,
2.8552372,7.2629223,,,,,,,,,,,,1.0,,,1.0,1.0,1.0,1.0,1.0,0.0,,1.0,,,,
4.3717613,7.3005757,,0.0,0.0,0.0,0.0,0.0,0.0,0.0,0.0,0.0,0.0,0.0,0.0,0.0,0.0,0.0,0.0,0.0,0.0,0.0,0.0,0.0,,,,
-0.27141702,4.584171,0.0,0.0,0.0,0.0,,0.0,0.0,0.0,,0.0,0.0,0.0,0.0,,0.0,0.0,0.0,,0.0,0.0,,0.0,,,,0.0
9.208345,7.449164,0.0,,,,0.0,0.0,0.0,,,,,,,,,,,,0.0,,,,1.0,,0.0,0.0
2.7868223,7.9600663,,,0.0,,,,0.0,0.0,0.0,,,0.0,,,0.0,,,0.0,0.0,,,,,,,
0.52094495,1.5011905,0.0,0.0,0.0,0.0,0.0,0.0,0.0,0.0,0.0,0.0,,0.0,0.0,0.0,0.0,0.0,0.0,,0.0,0.0,0.0,0.0,,,,
0.26222095,5.758244,,,,,,,,,,,,,,,,,,1.0,1.0,0.0,0.0,0.0,,,,
0.29925945,5.743307,,,,,,,,,,,,,,,,,,1.0,1.0,0.0,0.0,0.0,,,,
0.22858696,5.7565928,,,,,,,,,,,,1.0,,,,,,1.0,1.0,0.0,0.0,0.0,,,,
0.25519574,5.7442527,,,,,,,,,,,,1.0,,,,1.0,1.0,1.0,1.0,0.0,0.0,0.0,,,,
0.26997277,5.758113,,,,,,,,,,,,,,,,1.0,1.0,1.0,1.0,0.0,0.0,0.0,,,,
8.143885,2.9021919,,0.0,0.0,0.0,0.0,0.0,0.0,0.0,0.0,0.0,,0.0,0.0,0.0,0.0,0.0,0.0,0.0,0.0,0.0,0.0,0.0,,,,
8.213594,2.8700192,,0.0,0.0,0.0,0.0,0.0,0.0,0.0,0.0,0.0,,0.0,0.0,0.0,0.0,0.0,0.0,0.0,0.0,0.0,0.0,0.0,,,,
8.129559,2.9123564,,0.0,0.0,0.0,0.0,0.0,0.0,0.0,0.0,0.0,,,0.0,0.0,0.0,,0.0,,0.0,0.0,,0.0,,,,
1.5344083,4.4051037,,,,,,,,,,,,0.0,,,,0.0,0.0,1.0,,0.0,0.0,0.0,,,,
9.227892,7.603062,0.0,,,,0.0,0.0,0.0,,,,,,,,,,,,,,,,0.0,1.0,0.0,
3.4137301,7.2481484,,,,,,,,,,,,0.0,,,0.0,0.0,0.0,,,0.0,0.0,0.0,,,,
0.6629389,5.5210156,0.0,,0.0,0.0,0.0,0.0,1.0,0.0,0.0,,,0.0,0.0,0.0,0.0,0.0,,,,0.0,0.0,0.0,,,,0.0
1.5891811,4.8463945,,,,,0.0,0.0,0.0,0.0,0.0,0.0,0.0,0.0,0.0,0.0,0.0,0.0,,0.0,0.0,0.0,0.0,0.0,,,,
0.14071305,5.7267184,,,0.0,0.0,0.0,0.0,,,,,,1.0,0.0,,,0.0,0.0,,,0.0,0.0,0.0,,,,
9.10536,8.055549,0.0,,,,0.0,0.0,0.0,,,,,,,,,,,1.0,,,,,0.0,,0.0,0.0
2.892228,3.9868593,,0.0,0.0,0.0,0.0,0.0,0.0,0.0,,0.0,0.0,0.0,0.0,0.0,0.0,0.0,0.0,0.0,0.0,0.0,,,,,,
3.1730237,7.562783,,1.0,0.0,0.0,0.0,0.0,0.0,0.0,,,,0.0,0.0,0.0,,,0.0,1.0,1.0,0.0,0.0,,,,,
3.202037,7.5507183,,,,0.0,0.0,0.0,0.0,,,1.0,,,0.0,0.0,,1.0,,1.0,1.0,0.0,,,,,,
0.35119766,5.0990114,0.0,0.0,0.0,1.0,1.0,1.0,0.0,0.0,0.0,,,0.0,0.0,,1.0,0.0,0.0,0.0,0.0,0.0,0.0,0.0,,,,
0.47181603,4.5515575,0.0,0.0,0.0,0.0,,0.0,,1.0,0.0,0.0,0.0,0.0,0.0,0.0,0.0,0.0,0.0,,,1.0,0.0,0.0,,,,
-0.47278088,4.9159455,,0.0,0.0,0.0,1.0,,0.0,,0.0,0.0,0.0,0.0,0.0,0.0,,0.0,0.0,0.0,0.0,0.0,,1.0,,,,
8.111558,2.974115,,0.0,0.0,0.0,0.0,0.0,0.0,0.0,0.0,0.0,,0.0,0.0,0.0,0.0,0.0,0.0,0.0,0.0,0.0,0.0,0.0,,,,
-1.2217239,5.7175107,0.0,0.0,0.0,0.0,0.0,0.0,0.0,0.0,0.0,,,0.0,0.0,0.0,0.0,0.0,0.0,0.0,0.0,0.0,,,,,,
4.0404773,5.5223455,,,,,,,,,,,,,,,,,,,,0.0,0.0,0.0,,,,
-1.3722996,5.7412705,0.0,0.0,0.0,0.0,0.0,0.0,0.0,0.0,,0.0,0.0,0.0,0.0,0.0,0.0,0.0,0.0,0.0,0.0,0.0,,0.0,,,,
-0.8265654,5.8993464,0.0,0.0,0.0,0.0,0.0,0.0,0.0,0.0,0.0,0.0,0.0,0.0,0.0,,0.0,0.0,0.0,0.0,0.0,0.0,0.0,0.0,,,,
-0.4626521,4.9752827,,0.0,0.0,0.0,0.0,0.0,0.0,0.0,0.0,0.0,0.0,0.0,0.0,0.0,0.0,0.0,0.0,0.0,0.0,0.0,0.0,0.0,,,,
2.611695,5.6474905,0.0,0.0,0.0,0.0,0.0,0.0,0.0,0.0,0.0,0.0,0.0,,0.0,0.0,0.0,0.0,0.0,0.0,0.0,0.0,0.0,0.0,,,,
3.1978831,4.415601,0.0,0.0,0.0,0.0,0.0,0.0,0.0,0.0,0.0,0.0,,,0.0,0.0,,0.0,0.0,0.0,0.0,0.0,,,,,,
3.9749188,3.525673,0.0,0.0,0.0,0.0,0.0,0.0,0.0,,,0.0,,,,,,,,,,,,,,,,
-0.36754754,4.9808125,0.0,0.0,,0.0,0.0,0.0,1.0,0.0,0.0,0.0,0.0,0.0,0.0,0.0,0.0,0.0,0.0,,0.0,0.0,,0.0,,,,
-1.197579,4.824847,0.0,0.0,0.0,0.0,1.0,1.0,1.0,0.0,1.0,,,,,,,0.0,,1.0,,0.0,,,,,,
4.3609376,7.457558,,,,,,,0.0,0.0,,,0.0,,,,,,,1.0,,,0.0,0.0,,,,
0.7513438,5.5106125,0.0,0.0,0.0,0.0,0.0,0.0,0.0,0.0,,0.0,0.0,0.0,0.0,0.0,0.0,0.0,0.0,0.0,0.0,0.0,,,,,,0.0
4.231195,6.539763,0.0,0.0,0.0,0.0,0.0,0.0,,0.0,,0.0,0.0,0.0,0.0,0.0,0.0,0.0,0.0,0.0,0.0,0.0,0.0,0.0,,,,
1.5569623,4.8629045,,1.0,,,1.0,1.0,0.0,,,,0.0,,,,,,,,,,,,,,,0.0
1.8652148,3.5761468,0.0,0.0,0.0,0.0,0.0,0.0,0.0,0.0,0.0,0.0,,0.0,0.0,0.0,0.0,0.0,0.0,0.0,0.0,0.0,,,,,,
1.37589,4.705596,,,,0.0,0.0,0.0,0.0,,,,,,,0.0,,,,0.0,0.0,,,,,,,
3.0546968,5.8950562,0.0,0.0,0.0,0.0,0.0,0.0,0.0,0.0,,0.0,0.0,0.0,0.0,0.0,0.0,0.0,0.0,0.0,0.0,0.0,,0.0,,,,
1.9646777,4.791725,0.0,0.0,,0.0,,0.0,,0.0,0.0,0.0,0.0,0.0,0.0,0.0,,0.0,0.0,0.0,,0.0,0.0,0.0,,,,0.0
3.6064475,5.320076,,,,,,,,0.0,,,0.0,,,,,,,,,,0.0,0.0,,,,
9.490064,6.4855485,0.0,,,,0.0,0.0,0.0,,,,,,,,,,,,0.0,,,,0.0,,1.0,0.0
1.1780957,4.6678257,1.0,0.0,0.0,0.0,0.0,0.0,,0.0,0.0,,,0.0,0.0,0.0,0.0,,0.0,1.0,1.0,1.0,0.0,0.0,,,,0.0
3.3636947,3.172641,0.0,,0.0,,0.0,0.0,,,,,,,,,,,,,,,,,,0.0,,
3.4053135,6.6226897,,0.0,0.0,0.0,0.0,1.0,0.0,0.0,0.0,0.0,0.0,0.0,0.0,0.0,0.0,0.0,0.0,0.0,0.0,0.0,,,,,,
1.489545,5.569864,0.0,0.0,0.0,0.0,0.0,0.0,0.0,0.0,0.0,0.0,0.0,0.0,0.0,0.0,,0.0,0.0,0.0,0.0,0.0,,0.0,,,,
3.1891174,6.9801326,,,,,,,,,,,,,,,,,0.0,,,0.0,,0.0,,,,
3.0316606,7.346706,,,,,,,0.0,0.0,1.0,,0.0,0.0,,,0.0,,,1.0,1.0,,0.0,0.0,,,,
3.21662,7.493829,,0.0,0.0,0.0,0.0,0.0,0.0,0.0,,1.0,,0.0,0.0,,,0.0,0.0,1.0,1.0,0.0,,0.0,,,,
2.1539168,6.8647776,0.0,0.0,0.0,0.0,0.0,0.0,0.0,0.0,0.0,0.0,,,0.0,0.0,0.0,,0.0,1.0,,0.0,,,,,,
3.1909935,4.406198,0.0,0.0,0.0,0.0,0.0,0.0,1.0,0.0,0.0,0.0,,0.0,0.0,0.0,0.0,,0.0,0.0,0.0,0.0,0.0,,,,,
-1.2767555,5.721817,,0.0,0.0,0.0,0.0,0.0,0.0,0.0,0.0,,,0.0,0.0,0.0,0.0,0.0,0.0,0.0,0.0,0.0,,,,,,
2.4795504,6.9297495,0.0,0.0,0.0,0.0,0.0,0.0,0.0,0.0,0.0,0.0,0.0,0.0,0.0,0.0,0.0,0.0,0.0,0.0,0.0,0.0,0.0,0.0,,,,0.0
3.1786845,6.907308,,,,,,,,,,,,,,,0.0,,0.0,,,0.0,0.0,0.0,,,,
3.3336124,6.63311,,,,,,,,,,,,,,,0.0,,0.0,,0.0,0.0,0.0,0.0,,,,
-1.2286707,4.866327,0.0,0.0,0.0,,0.0,,,0.0,,,,,0.0,,1.0,0.0,,,,0.0,0.0,,,,,
-1.0493741,5.86453,0.0,0.0,0.0,0.0,0.0,0.0,,0.0,0.0,0.0,0.0,0.0,0.0,0.0,0.0,0.0,0.0,0.0,0.0,,,,,,,0.0
8.127541,2.9396205,,0.0,0.0,0.0,0.0,0.0,0.0,0.0,,,,0.0,0.0,,,,0.0,,,0.0,0.0,0.0,,,,
9.301799,7.7509403,,,,,0.0,0.0,0.0,,,,,,,,,,,0.0,0.0,,,,0.0,0.0,1.0,1.0
8.074505,11.841502,,0.0,0.0,0.0,0.0,0.0,0.0,0.0,,0.0,,0.0,0.0,1.0,,,0.0,1.0,1.0,0.0,0.0,0.0,,,,
2.8860838,3.5771902,,,0.0,,,,0.0,0.0,0.0,,0.0,0.0,,,0.0,0.0,,0.0,0.0,,0.0,0.0,,,,
2.854976,3.6067677,,,,,,,0.0,0.0,,,0.0,0.0,,,0.0,0.0,,1.0,,,0.0,0.0,,,,
2.8759372,3.5977092,,,0.0,,,,0.0,0.0,0.0,,0.0,0.0,,,0.0,0.0,,0.0,0.0,,0.0,0.0,,,,
2.8656251,3.619999,,,0.0,,,,0.0,0.0,0.0,,0.0,0.0,,,0.0,0.0,,,0.0,,0.0,0.0,,,,
9.194055,7.070998,0.0,,,,0.0,0.0,0.0,,,,,,,,,,,,,,,,0.0,1.0,0.0,0.0
0.6672524,5.527654,0.0,0.0,0.0,0.0,,0.0,0.0,,,0.0,0.0,,0.0,0.0,,0.0,0.0,,,0.0,,,,,,
-1.3014783,5.126462,0.0,0.0,0.0,0.0,0.0,0.0,0.0,0.0,0.0,0.0,0.0,0.0,0.0,0.0,0.0,0.0,0.0,0.0,0.0,0.0,,0.0,,,,
2.681538,6.828066,,,,0.0,0.0,0.0,0.0,,,,,,,0.0,,,,,,,,,,,,
3.605556,5.5548873,0.0,0.0,,0.0,0.0,0.0,0.0,0.0,0.0,0.0,,0.0,0.0,0.0,0.0,0.0,0.0,0.0,0.0,0.0,,0.0,,,,
2.7499633,5.576644,0.0,,0.0,,0.0,0.0,,,,,,,,,,,,,,,,,0.0,0.0,0.0,0.0
2.3227522,6.027868,,0.0,0.0,0.0,0.0,0.0,,0.0,0.0,0.0,0.0,0.0,0.0,0.0,0.0,,0.0,0.0,0.0,0.0,0.0,0.0,,,,
3.0014834,7.2417707,,0.0,0.0,0.0,0.0,0.0,0.0,0.0,0.0,0.0,0.0,0.0,0.0,0.0,0.0,0.0,0.0,1.0,1.0,1.0,0.0,0.0,,,,
1.0726209,4.4127374,0.0,0.0,0.0,0.0,1.0,1.0,0.0,0.0,0.0,0.0,0.0,0.0,0.0,,,,0.0,1.0,1.0,,,,,,,
3.919256,7.5045133,0.0,,0.0,,1.0,,,,,,0.0,,,,,,,,,,,,,,,
1.4340243,5.536752,0.0,0.0,0.0,0.0,0.0,0.0,0.0,0.0,0.0,0.0,0.0,0.0,0.0,0.0,0.0,0.0,0.0,0.0,0.0,0.0,0.0,0.0,,,,
3.9305167,3.5462081,0.0,0.0,0.0,0.0,0.0,,0.0,0.0,0.0,0.0,0.0,0.0,0.0,0.0,0.0,,0.0,0.0,0.0,0.0,,,,,,
9.375453,6.6391897,0.0,,,,0.0,0.0,0.0,,,,,,,,,,,0.0,0.0,,,,0.0,0.0,1.0,
0.54077274,1.5504411,0.0,0.0,0.0,0.0,0.0,0.0,0.0,0.0,,0.0,0.0,0.0,0.0,0.0,0.0,0.0,0.0,0.0,0.0,0.0,,,,,,
1.2116731,6.827442,0.0,1.0,1.0,1.0,0.0,1.0,0.0,0.0,,,,,0.0,1.0,,,1.0,1.0,,0.0,,1.0,,,,
1.9117142,3.8472028,,,,,,,,0.0,0.0,,0.0,0.0,0.0,0.0,0.0,0.0,0.0,0.0,0.0,0.0,,0.0,,,,
0.8735087,4.686829,0.0,0.0,0.0,0.0,0.0,0.0,0.0,0.0,0.0,0.0,0.0,0.0,0.0,0.0,0.0,0.0,0.0,,0.0,0.0,0.0,0.0,,,,
1.5030643,4.280113,0.0,0.0,0.0,0.0,0.0,0.0,0.0,0.0,,0.0,0.0,,0.0,0.0,0.0,0.0,0.0,,,0.0,,0.0,,,,0.0
4.0658307,5.4724226,,,,,,,,,,,,0.0,,,0.0,0.0,0.0,0.0,0.0,0.0,0.0,0.0,,,,
2.7726781,4.4935136,,,,,,,,,,,,0.0,,,0.0,0.0,0.0,0.0,0.0,0.0,0.0,0.0,,,,
2.6743383,6.8461566,,,,,,,,,,,,,,,,,,0.0,0.0,,,,,,,
3.3956468,7.3321095,1.0,,,0.0,0.0,0.0,1.0,,,,,,,,,,,,,,,,,,,
3.222989,6.142506,0.0,0.0,0.0,0.0,0.0,0.0,0.0,0.0,,0.0,0.0,0.0,0.0,0.0,0.0,0.0,0.0,0.0,0.0,0.0,,,,,,
8.14738,11.71517,0.0,0.0,0.0,0.0,0.0,0.0,0.0,0.0,0.0,0.0,,0.0,0.0,,0.0,0.0,0.0,0.0,0.0,0.0,0.0,0.0,,,,
3.4103749,7.1356463,0.0,0.0,,0.0,0.0,,0.0,0.0,,0.0,0.0,,0.0,0.0,0.0,0.0,,,,0.0,,,,,,
-0.917325,5.478075,0.0,1.0,0.0,1.0,1.0,1.0,,,1.0,,1.0,,1.0,,0.0,,1.0,1.0,1.0,0.0,,,,,,
3.3714416,6.3707714,0.0,,0.0,0.0,,1.0,0.0,0.0,,0.0,0.0,0.0,0.0,1.0,0.0,1.0,,1.0,1.0,0.0,,0.0,,,,
1.1350932,6.5259843,0.0,,0.0,0.0,0.0,0.0,0.0,0.0,0.0,0.0,0.0,0.0,0.0,0.0,0.0,0.0,0.0,0.0,0.0,0.0,,,,,,
7.710595,3.9418995,0.0,0.0,0.0,0.0,0.0,0.0,,0.0,0.0,0.0,,0.0,0.0,0.0,0.0,,0.0,1.0,,0.0,0.0,0.0,,0.0,,
8.164567,11.749529,0.0,0.0,0.0,0.0,0.0,,0.0,0.0,0.0,0.0,0.0,0.0,0.0,0.0,1.0,0.0,0.0,1.0,1.0,0.0,0.0,0.0,,,,
0.5905293,2.2802072,0.0,0.0,0.0,,0.0,0.0,0.0,0.0,0.0,0.0,0.0,0.0,0.0,0.0,0.0,0.0,0.0,0.0,0.0,0.0,0.0,0.0,,,,
1.2219406,-2.8153946,,,,,,,,,,,,0.0,,,0.0,0.0,,0.0,0.0,0.0,0.0,0.0,,,,
9.326508,7.6041236,0.0,,,,0.0,0.0,0.0,,,,,,,,,,,,0.0,,,,0.0,1.0,,
9.022335,6.6341825,0.0,,,,1.0,,0.0,,,,,,,,,,,,,,,,0.0,1.0,0.0,1.0
4.390017,7.4718204,,0.0,0.0,0.0,0.0,0.0,0.0,0.0,1.0,,0.0,,0.0,0.0,,0.0,,0.0,0.0,0.0,0.0,0.0,,,,
1.4114605,6.733246,0.0,0.0,0.0,0.0,0.0,0.0,0.0,1.0,,,1.0,0.0,0.0,,0.0,,,1.0,,0.0,0.0,0.0,,,,
1.4127408,6.6493225,0.0,0.0,,0.0,0.0,0.0,0.0,0.0,,,,,0.0,,,,,1.0,1.0,0.0,0.0,0.0,,,,
9.10694,7.8991637,0.0,,,,0.0,0.0,0.0,,,,,,,,,,,,,,,,0.0,1.0,1.0,1.0
9.292823,7.6929536,0.0,,,,0.0,0.0,0.0,,,,,,,,,,,,1.0,,,,0.0,,0.0,0.0
9.187827,7.9319506,0.0,,,,0.0,0.0,0.0,,,,,,,,,,,0.0,0.0,,,,0.0,1.0,1.0,
-0.76343197,4.644746,0.0,0.0,0.0,0.0,0.0,0.0,0.0,0.0,0.0,0.0,0.0,0.0,0.0,0.0,,0.0,0.0,,,0.0,,,,,,
4.2907543,7.375587,,,,,,,0.0,0.0,,1.0,,1.0,0.0,1.0,,,,,1.0,0.0,,,,,,
3.3264804,3.198999,0.0,0.0,0.0,,0.0,0.0,,,,0.0,0.0,,,0.0,,,,,,,,,,,,
3.332318,3.1861806,0.0,,0.0,,0.0,0.0,,,,,,,,,,,,,,,,,,0.0,,
0.3596841,5.119397,0.0,0.0,0.0,,1.0,1.0,0.0,,0.0,,0.0,,0.0,,,0.0,,1.0,1.0,1.0,0.0,0.0,,,,
1.8088135,3.50841,0.0,,,0.0,0.0,0.0,,0.0,,,1.0,0.0,0.0,,,0.0,0.0,1.0,,0.0,,0.0,,,,0.0
-0.36163208,5.1702228,0.0,0.0,0.0,,,0.0,,0.0,,0.0,,,0.0,0.0,,0.0,,,1.0,0.0,,,,,,
3.234987,7.3646703,,0.0,0.0,0.0,0.0,0.0,,0.0,0.0,0.0,0.0,0.0,0.0,0.0,0.0,0.0,0.0,0.0,0.0,0.0,0.0,0.0,,,,
3.3233917,6.4908423,0.0,0.0,0.0,0.0,0.0,0.0,1.0,0.0,0.0,,,0.0,0.0,0.0,,0.0,0.0,1.0,,0.0,0.0,0.0,,,,
8.159447,2.9027803,,0.0,0.0,0.0,0.0,0.0,0.0,,0.0,0.0,,1.0,0.0,,,1.0,0.0,,0.0,0.0,0.0,0.0,,,,
3.912864,3.58583,0.0,0.0,0.0,0.0,0.0,0.0,0.0,0.0,0.0,0.0,,0.0,0.0,0.0,0.0,0.0,0.0,0.0,0.0,0.0,,,,,,
3.8903747,3.5663292,,,,,0.0,0.0,0.0,0.0,0.0,0.0,0.0,0.0,0.0,0.0,0.0,0.0,0.0,0.0,0.0,0.0,0.0,0.0,,,,
3.8157196,3.574739,,0.0,0.0,0.0,0.0,1.0,1.0,0.0,,0.0,0.0,0.0,0.0,0.0,0.0,0.0,0.0,,,0.0,0.0,0.0,,,,
1.2450528,4.9829206,,,,,,,,,,,,0.0,,,0.0,0.0,0.0,0.0,0.0,0.0,0.0,0.0,,,,
8.099418,11.81286,,0.0,0.0,0.0,0.0,0.0,0.0,0.0,,0.0,,0.0,0.0,,,0.0,0.0,,,0.0,0.0,0.0,,,,
8.116919,11.797589,,0.0,0.0,,0.0,0.0,0.0,0.0,0.0,0.0,0.0,0.0,0.0,0.0,0.0,0.0,0.0,0.0,,0.0,0.0,0.0,,,,
8.087362,11.828799,,0.0,0.0,0.0,0.0,0.0,0.0,0.0,0.0,0.0,,0.0,0.0,0.0,0.0,0.0,0.0,,,0.0,0.0,0.0,,,,
1.129359,4.466669,,0.0,0.0,0.0,1.0,1.0,0.0,0.0,,0.0,0.0,1.0,0.0,,,0.0,0.0,,,0.0,,,,,,
2.7052786,4.7908473,,,,,,,,,,,,,,,0.0,,0.0,1.0,,0.0,0.0,0.0,,,,
2.3537898,6.2115593,,0.0,0.0,0.0,0.0,0.0,,0.0,0.0,0.0,0.0,0.0,0.0,0.0,0.0,0.0,0.0,0.0,0.0,0.0,0.0,0.0,,,,
0.8673405,6.2397633,0.0,0.0,0.0,0.0,0.0,0.0,0.0,0.0,0.0,0.0,0.0,,0.0,0.0,,0.0,0.0,,,0.0,0.0,0.0,,,,0.0
9.084077,6.611162,0.0,,,,0.0,0.0,0.0,,,,,,,,,,,,,,,,0.0,1.0,0.0,0.0
9.324589,6.9638405,0.0,,,,0.0,0.0,0.0,,,,,,,,,,,0.0,0.0,,,,,,1.0,
8.3225155,3.1853204,,,,,,,0.0,0.0,0.0,1.0,,,0.0,0.0,,,0.0,1.0,,0.0,,1.0,,,,
2.781807,6.9325514,,,,,,,,0.0,0.0,,,,,,,,,,,,,,,,,
4.156566,6.934072,,,,,0.0,0.0,,,0.0,0.0,,0.0,0.0,0.0,0.0,0.0,0.0,0.0,0.0,0.0,0.0,0.0,,,,
8.0014105,3.1501958,,,0.0,0.0,1.0,1.0,0.0,0.0,0.0,0.0,,,0.0,,,,0.0,,,0.0,0.0,0.0,,,,
2.4336016,7.5439916,,0.0,,0.0,0.0,0.0,0.0,0.0,,0.0,0.0,0.0,0.0,0.0,,0.0,0.0,1.0,1.0,0.0,0.0,0.0,,,,
8.158328,2.9642491,0.0,0.0,0.0,0.0,0.0,1.0,0.0,0.0,,0.0,,,0.0,0.0,,0.0,0.0,,0.0,0.0,0.0,0.0,,,,
7.9389715,3.2347128,0.0,0.0,0.0,0.0,0.0,0.0,0.0,0.0,0.0,0.0,,,0.0,0.0,0.0,0.0,0.0,1.0,,0.0,0.0,0.0,,,,
1.371688,4.672471,,,,0.0,0.0,0.0,0.0,,,,,,,0.0,,,,0.0,0.0,,,,,,,
0.55304694,1.7700803,0.0,,0.0,0.0,0.0,0.0,0.0,0.0,0.0,0.0,0.0,0.0,0.0,0.0,0.0,0.0,0.0,0.0,0.0,0.0,,,,,,
-1.2756015,5.3547096,0.0,0.0,0.0,0.0,0.0,0.0,0.0,0.0,,0.0,0.0,0.0,0.0,0.0,0.0,0.0,0.0,0.0,0.0,0.0,,,,,,0.0
1.1393337,6.439412,0.0,0.0,0.0,0.0,0.0,0.0,0.0,0.0,0.0,0.0,0.0,0.0,0.0,0.0,0.0,0.0,0.0,0.0,0.0,,0.0,0.0,,,,
1.1746207,5.1631956,0.0,0.0,0.0,0.0,0.0,0.0,0.0,0.0,0.0,0.0,0.0,0.0,0.0,0.0,0.0,0.0,0.0,0.0,0.0,0.0,0.0,0.0,,,,
2.7168918,3.9359667,0.0,0.0,0.0,0.0,0.0,0.0,0.0,0.0,0.0,0.0,0.0,0.0,0.0,0.0,0.0,0.0,0.0,0.0,0.0,0.0,0.0,0.0,,,,
0.8369142,5.46098,0.0,0.0,0.0,0.0,0.0,0.0,0.0,,,0.0,,0.0,0.0,0.0,0.0,0.0,0.0,0.0,0.0,0.0,,,,,,
0.72255385,-2.7771125,,0.0,0.0,0.0,0.0,0.0,0.0,0.0,1.0,0.0,,0.0,0.0,0.0,0.0,0.0,0.0,,,0.0,0.0,0.0,,,,
4.35842,7.32319,,0.0,0.0,0.0,0.0,,,0.0,,,0.0,,0.0,0.0,0.0,0.0,0.0,0.0,0.0,0.0,0.0,0.0,,,,
1.4830415,5.1437163,,,,,,,,0.0,0.0,,,,,,,,,,,,,,,,,
1.8590168,3.5832677,0.0,0.0,0.0,0.0,0.0,0.0,0.0,0.0,0.0,0.0,0.0,0.0,0.0,0.0,,0.0,0.0,0.0,0.0,0.0,0.0,0.0,,,,
2.7150202,6.552564,,0.0,0.0,0.0,,,0.0,0.0,,,0.0,,0.0,0.0,,0.0,0.0,1.0,,0.0,0.0,0.0,,,,
-0.099287264,8.644745,0.0,,,,0.0,0.0,0.0,,,,,,,,,0.0,,,,,,,0.0,0.0,1.0,0.0
3.2463508,6.966198,,0.0,0.0,0.0,0.0,0.0,,0.0,,0.0,,0.0,0.0,0.0,0.0,0.0,0.0,0.0,0.0,0.0,,,,,,
2.4513714,7.514216,,0.0,0.0,0.0,0.0,0.0,0.0,0.0,0.0,0.0,,0.0,0.0,0.0,,0.0,0.0,0.0,0.0,0.0,,,,,,
3.8890686,3.6048083,0.0,0.0,0.0,0.0,0.0,0.0,0.0,,0.0,0.0,0.0,0.0,0.0,0.0,0.0,0.0,0.0,0.0,0.0,0.0,,,,,,
0.52690053,4.0758557,0.0,0.0,0.0,0.0,0.0,0.0,0.0,0.0,0.0,0.0,0.0,0.0,0.0,0.0,0.0,,0.0,0.0,0.0,0.0,0.0,0.0,,,,
-0.10629693,8.673511,0.0,,0.0,,0.0,0.0,,,,,,,,,,,,,0.0,,,,0.0,0.0,1.0,1.0
8.133868,11.780159,0.0,0.0,0.0,0.0,0.0,0.0,0.0,0.0,0.0,0.0,0.0,0.0,0.0,,0.0,0.0,0.0,,,0.0,0.0,0.0,,,,
1.2415348,4.2118545,0.0,0.0,0.0,0.0,0.0,0.0,0.0,0.0,0.0,0.0,0.0,0.0,0.0,0.0,0.0,0.0,0.0,0.0,0.0,0.0,0.0,0.0,,,,0.0
2.5467265,4.2533503,0.0,0.0,0.0,0.0,0.0,0.0,0.0,0.0,0.0,0.0,,0.0,0.0,0.0,0.0,0.0,0.0,0.0,,0.0,0.0,0.0,,,,
3.2414484,6.8663974,,,,,,,,,,,,1.0,,,,,,1.0,1.0,,0.0,,,,,
9.211207,7.9613547,0.0,,,,0.0,0.0,0.0,,,,,,,,,,,1.0,,,,,0.0,0.0,1.0,
0.052104224,8.937414,0.0,0.0,0.0,0.0,0.0,0.0,0.0,0.0,0.0,0.0,0.0,0.0,0.0,0.0,0.0,0.0,0.0,0.0,0.0,0.0,0.0,0.0,,,,
4.0171065,6.305299,0.0,,0.0,,0.0,0.0,,,,,,,,,,,,,,,,,,,,
2.6867144,4.029947,0.0,0.0,0.0,0.0,0.0,0.0,,0.0,0.0,0.0,0.0,0.0,0.0,0.0,0.0,0.0,0.0,0.0,0.0,0.0,,,,,,
9.482932,6.5042844,,,,,0.0,0.0,0.0,,,,,,,,,,,0.0,0.0,,,,0.0,,0.0,0.0
9.50316,6.4938064,0.0,,,,0.0,,0.0,,,,,,,,,,,0.0,0.0,,,,0.0,1.0,0.0,0.0
2.7870412,3.9158661,,,,,0.0,0.0,,,,,,,,,,,,,,,,,,,,
3.897878,6.751001,,,0.0,,,,0.0,0.0,,,,,,,0.0,,,1.0,,,0.0,0.0,,,,
1.0559119,4.8999877,0.0,0.0,,0.0,0.0,0.0,0.0,0.0,0.0,0.0,0.0,0.0,0.0,0.0,0.0,0.0,0.0,0.0,0.0,0.0,,0.0,,,,
-0.77389467,4.617519,0.0,0.0,0.0,0.0,0.0,0.0,0.0,0.0,0.0,0.0,0.0,0.0,0.0,0.0,0.0,0.0,0.0,0.0,0.0,0.0,0.0,0.0,,,,
3.2112842,7.369653,,,,,,,0.0,0.0,1.0,,,1.0,0.0,1.0,1.0,,1.0,1.0,1.0,1.0,,,,,,
8.1216345,2.9503102,,,,,,,,,,,,,,,,,0.0,,,,,,,,,
0.5261784,1.4892464,0.0,,0.0,0.0,0.0,,,0.0,,,,0.0,0.0,,0.0,,,,1.0,0.0,,,,,,
-1.4834316,5.676107,0.0,0.0,,0.0,0.0,0.0,0.0,0.0,0.0,0.0,0.0,0.0,0.0,0.0,0.0,0.0,0.0,0.0,0.0,0.0,0.0,0.0,,,,
2.4960735,6.9299817,0.0,0.0,0.0,,0.0,0.0,0.0,0.0,0.0,,,0.0,0.0,0.0,0.0,0.0,0.0,0.0,0.0,0.0,0.0,0.0,,,,
2.4221067,6.2438445,,0.0,,0.0,0.0,0.0,0.0,0.0,0.0,0.0,0.0,0.0,0.0,0.0,0.0,0.0,0.0,0.0,0.0,0.0,0.0,0.0,,,,
1.3073312,4.2878838,0.0,0.0,,0.0,,,0.0,0.0,,0.0,,,0.0,,,0.0,,,,0.0,,,,,,0.0
9.189449,7.9487886,0.0,,,,0.0,0.0,0.0,,,,,,,,,,,,0.0,,,,0.0,,,
1.8263305,4.8944244,,,,,,,,,0.0,0.0,,,0.0,0.0,1.0,1.0,0.0,1.0,,0.0,0.0,0.0,,,,
3.7552764,5.446927,1.0,,0.0,0.0,0.0,0.0,1.0,0.0,1.0,,,0.0,0.0,,1.0,,0.0,1.0,1.0,0.0,0.0,0.0,,,,
-1.4411862,5.649705,0.0,0.0,0.0,0.0,0.0,0.0,0.0,0.0,0.0,0.0,0.0,0.0,0.0,0.0,0.0,0.0,0.0,0.0,0.0,0.0,,,,,,
3.9321318,3.5488558,0.0,0.0,0.0,0.0,0.0,0.0,,0.0,,0.0,0.0,0.0,0.0,0.0,0.0,0.0,0.0,0.0,0.0,0.0,,0.0,,,,
9.269185,7.8073044,0.0,,,,0.0,0.0,0.0,,,,,,,,,,,0.0,0.0,,,,0.0,0.0,0.0,0.0
9.177533,7.630091,0.0,,,,0.0,0.0,0.0,,,,,,,,,,,,0.0,,,,0.0,1.0,0.0,0.0
2.4774346,6.9511023,,,1.0,0.0,,,0.0,0.0,,,,,0.0,1.0,,0.0,1.0,1.0,1.0,0.0,,,,,,
3.3421018,3.086031,0.0,,,,0.0,0.0,0.0,,,,,,,,,,,,,,,,0.0,0.0,,
0.5549805,5.7431183,0.0,,0.0,,0.0,0.0,0.0,0.0,,0.0,0.0,,0.0,0.0,0.0,0.0,,,,0.0,0.0,0.0,,,,
3.3072617,7.344515,0.0,0.0,0.0,,0.0,,0.0,0.0,0.0,,,,,,,0.0,1.0,0.0,0.0,0.0,,,,,,
8.195279,2.9016027,,,,,,,,,,,,,,,0.0,0.0,0.0,0.0,,0.0,0.0,0.0,,,,
3.9549358,7.0227532,0.0,0.0,,0.0,0.0,,0.0,0.0,0.0,0.0,,0.0,0.0,0.0,0.0,,0.0,1.0,1.0,0.0,,,,,,
-1.3387537,5.386495,1.0,0.0,0.0,0.0,0.0,0.0,,0.0,0.0,0.0,0.0,0.0,0.0,0.0,0.0,,0.0,0.0,0.0,,0.0,0.0,,,,0.0
-0.7883189,5.2451696,0.0,0.0,0.0,0.0,0.0,0.0,0.0,0.0,0.0,0.0,0.0,0.0,0.0,0.0,0.0,0.0,0.0,0.0,0.0,0.0,0.0,0.0,,,,0.0
2.742063,3.9202054,,0.0,0.0,0.0,0.0,0.0,1.0,,,0.0,,,,,,,,,,,,,,,,
3.9929175,3.5011392,0.0,0.0,0.0,,0.0,0.0,1.0,1.0,,,0.0,0.0,0.0,0.0,0.0,,0.0,1.0,1.0,0.0,,0.0,,,,
2.5643253,6.9221053,,,1.0,,,,0.0,0.0,,,0.0,1.0,,,,0.0,,,,,0.0,0.0,,,,
1.2252365,4.5229177,,,,,,,,,,,,,,,,,,,0.0,,,,,,,
1.6189383,4.5708776,0.0,0.0,0.0,0.0,0.0,,0.0,0.0,0.0,0.0,0.0,0.0,0.0,0.0,0.0,0.0,0.0,0.0,0.0,0.0,0.0,0.0,,,,0.0
0.5674203,2.2237859,0.0,0.0,0.0,0.0,0.0,0.0,0.0,0.0,,0.0,0.0,,0.0,0.0,0.0,0.0,0.0,0.0,0.0,0.0,0.0,0.0,,,,0.0
2.0163722,7.273202,,,,,,,,0.0,0.0,0.0,,,0.0,0.0,,,,,,0.0,0.0,,,,,
-1.4333845,5.688225,0.0,0.0,0.0,0.0,0.0,0.0,0.0,0.0,0.0,0.0,0.0,0.0,0.0,0.0,0.0,0.0,0.0,0.0,0.0,0.0,0.0,0.0,,,,
2.3582277,4.366645,0.0,1.0,0.0,0.0,0.0,0.0,0.0,0.0,,,,0.0,0.0,1.0,,,0.0,1.0,,0.0,0.0,0.0,,,,
1.5587449,6.320349,,,0.0,,,,0.0,0.0,0.0,,,0.0,,,0.0,,,0.0,,,0.0,0.0,,,,
1.8337903,3.5274227,0.0,,0.0,0.0,0.0,0.0,0.0,0.0,,0.0,0.0,,0.0,0.0,,0.0,0.0,0.0,,0.0,,,,,,0.0
9.451452,6.429793,0.0,,,,0.0,0.0,0.0,,,,,,,,,,,0.0,0.0,,,,0.0,0.0,0.0,0.0
-0.035848893,8.710734,0.0,0.0,0.0,0.0,0.0,0.0,1.0,0.0,0.0,0.0,0.0,0.0,0.0,0.0,0.0,0.0,0.0,0.0,0.0,0.0,,,,,,
1.114726,4.1658163,,0.0,0.0,0.0,0.0,0.0,0.0,0.0,0.0,0.0,,0.0,0.0,0.0,0.0,0.0,0.0,0.0,0.0,0.0,,,,,,
-0.70312095,5.1985307,0.0,0.0,0.0,0.0,0.0,0.0,0.0,1.0,0.0,0.0,0.0,,0.0,1.0,0.0,0.0,0.0,1.0,1.0,1.0,0.0,0.0,,,,0.0
1.9559951,5.697245,,,,,0.0,0.0,1.0,0.0,,,,0.0,0.0,0.0,0.0,0.0,,,1.0,,,,,,,
9.2338915,7.833152,0.0,,,,0.0,0.0,0.0,,,,,,,,,,,,0.0,,,,0.0,1.0,1.0,
3.2448342,6.949182,,,,,,,,0.0,,1.0,,1.0,0.0,1.0,0.0,1.0,,1.0,1.0,0.0,1.0,1.0,,,,
9.341654,6.7499638,0.0,,,,0.0,0.0,0.0,,,,,,,,,,,,0.0,,,,0.0,0.0,0.0,0.0
3.0384748,7.5541077,0.0,0.0,0.0,0.0,0.0,0.0,0.0,0.0,0.0,0.0,0.0,0.0,0.0,0.0,0.0,0.0,0.0,0.0,0.0,0.0,0.0,0.0,,,,
0.60507303,2.2667477,1.0,0.0,0.0,0.0,0.0,1.0,0.0,0.0,0.0,0.0,0.0,0.0,0.0,0.0,0.0,0.0,0.0,0.0,0.0,0.0,,0.0,,,,
-0.37734482,4.81303,0.0,0.0,0.0,0.0,0.0,0.0,0.0,0.0,0.0,0.0,0.0,0.0,0.0,0.0,0.0,0.0,0.0,0.0,0.0,0.0,0.0,0.0,,,,
-1.1879462,5.845369,0.0,0.0,0.0,0.0,0.0,0.0,0.0,0.0,0.0,0.0,0.0,0.0,0.0,0.0,0.0,0.0,0.0,0.0,0.0,0.0,0.0,0.0,,,,
2.1180127,4.7088575,,0.0,0.0,0.0,0.0,0.0,,0.0,0.0,0.0,,,0.0,0.0,0.0,0.0,0.0,0.0,0.0,0.0,0.0,0.0,,,,
1.6374798,4.562147,0.0,0.0,,0.0,0.0,0.0,0.0,0.0,0.0,0.0,0.0,0.0,0.0,0.0,,0.0,0.0,0.0,0.0,0.0,0.0,0.0,,,,0.0
-0.20249233,4.5230904,,0.0,0.0,0.0,0.0,,1.0,1.0,0.0,0.0,0.0,0.0,0.0,0.0,0.0,0.0,0.0,0.0,0.0,0.0,0.0,0.0,,,,
8.111655,6.831763,,,,,,,,,,,,,,,,,,,,0.0,0.0,0.0,,,,
2.7108183,8.040997,,,0.0,,,,0.0,0.0,0.0,,0.0,0.0,,,0.0,0.0,,0.0,0.0,,0.0,0.0,,,,
1.7079008,6.630808,,,0.0,,0.0,,0.0,0.0,,0.0,0.0,,0.0,,,0.0,0.0,,,0.0,0.0,0.0,,,,0.0
2.8804257,7.510934,,,,,0.0,0.0,1.0,,,,0.0,,,,,0.0,,,,,,,,,,
0.013042739,8.752735,,0.0,0.0,0.0,0.0,0.0,0.0,0.0,0.0,0.0,0.0,0.0,0.0,0.0,0.0,0.0,0.0,0.0,,0.0,0.0,0.0,,,,
3.7774622,6.698002,,,0.0,,,,0.0,0.0,0.0,,0.0,0.0,,,0.0,0.0,,,,,0.0,0.0,,,,
-1.4155524,5.668268,,0.0,0.0,0.0,0.0,0.0,0.0,0.0,0.0,,0.0,0.0,0.0,0.0,0.0,0.0,0.0,0.0,0.0,0.0,0.0,0.0,,,,
4.081483,7.158869,,,,,,,0.0,0.0,,,,0.0,,,0.0,0.0,,,,,0.0,0.0,,,,
-0.529262,4.9258156,0.0,0.0,0.0,0.0,0.0,0.0,0.0,0.0,0.0,0.0,0.0,0.0,0.0,0.0,0.0,0.0,0.0,0.0,0.0,0.0,,0.0,,,,
3.944942,3.5775402,0.0,0.0,0.0,,0.0,0.0,0.0,0.0,,1.0,,,,,0.0,,0.0,1.0,1.0,0.0,,,,,,
9.002456,7.9457293,0.0,,,,0.0,0.0,0.0,,,,,,,,,,,,,,,,0.0,1.0,0.0,0.0
9.302195,7.3462377,0.0,,,,0.0,0.0,0.0,,,,,,,,,,,,,,,,0.0,1.0,0.0,0.0
1.8097274,3.5110884,0.0,,0.0,0.0,0.0,,0.0,0.0,,,,0.0,0.0,,,0.0,,1.0,,0.0,0.0,0.0,,,,
2.4048429,7.2275763,0.0,,0.0,0.0,0.0,0.0,0.0,0.0,0.0,0.0,0.0,0.0,0.0,0.0,0.0,0.0,,0.0,0.0,0.0,,,,,,
2.0243433,7.254486,,,,,,,,0.0,,1.0,,1.0,,,1.0,1.0,,1.0,1.0,0.0,,,,,,
3.0791233,7.3022423,,,,,,,,0.0,0.0,,,0.0,0.0,0.0,0.0,0.0,0.0,,1.0,0.0,0.0,0.0,,,,
9.5113535,6.469903,0.0,,,,0.0,0.0,0.0,,,,,,,,,,,,,,,,0.0,1.0,0.0,0.0
1.3403704,5.4136114,,0.0,0.0,0.0,0.0,0.0,,0.0,0.0,,0.0,0.0,0.0,0.0,,,0.0,0.0,0.0,0.0,0.0,0.0,,,,
1.3229463,4.797324,0.0,0.0,0.0,0.0,0.0,,,0.0,0.0,,0.0,0.0,0.0,0.0,,0.0,0.0,,0.0,0.0,0.0,0.0,,,,0.0
1.7200769,5.9081297,,,0.0,,,,0.0,0.0,0.0,,0.0,1.0,,,0.0,,,1.0,1.0,,0.0,0.0,,,,
-0.0454536,8.693708,0.0,0.0,0.0,0.0,0.0,0.0,0.0,0.0,0.0,0.0,0.0,0.0,0.0,0.0,0.0,0.0,0.0,0.0,0.0,0.0,,,,,,
0.03366288,8.875256,0.0,0.0,0.0,0.0,0.0,0.0,0.0,0.0,0.0,0.0,,0.0,0.0,0.0,0.0,0.0,0.0,0.0,0.0,0.0,,,,,,
9.177668,7.982675,0.0,,,,0.0,0.0,0.0,,,,,,,,,,,0.0,0.0,,,,,0.0,0.0,0.0
3.7401996,5.4593587,0.0,0.0,0.0,0.0,0.0,0.0,0.0,0.0,,0.0,0.0,0.0,0.0,0.0,0.0,0.0,0.0,,,0.0,,,,,,
1.2488772,5.929733,0.0,,,0.0,0.0,0.0,0.0,,,,,,,0.0,,,,0.0,0.0,,0.0,0.0,,0.0,,
8.13264,2.9759603,,,0.0,0.0,1.0,1.0,0.0,0.0,,0.0,,1.0,0.0,0.0,0.0,1.0,0.0,,,0.0,0.0,0.0,,,,
8.047716,2.9504352,,0.0,0.0,0.0,0.0,0.0,0.0,0.0,0.0,0.0,,,0.0,0.0,,,0.0,1.0,1.0,0.0,,,,,,
4.384501,7.3952327,,,0.0,,,,0.0,0.0,0.0,,0.0,0.0,,,,0.0,,,,,0.0,0.0,,,,
-0.12695433,3.1847692,0.0,0.0,0.0,0.0,0.0,0.0,0.0,1.0,,,0.0,0.0,0.0,0.0,0.0,0.0,0.0,0.0,0.0,0.0,,0.0,,,,0.0
3.4142697,6.3193927,0.0,0.0,0.0,0.0,0.0,0.0,0.0,0.0,0.0,0.0,0.0,0.0,0.0,0.0,0.0,0.0,0.0,0.0,0.0,0.0,0.0,0.0,,,,
0.5289181,4.0842457,0.0,0.0,0.0,0.0,,,0.0,0.0,0.0,,,0.0,0.0,0.0,0.0,0.0,0.0,0.0,0.0,0.0,,,,,,
1.995333,5.8173885,,,,,0.0,0.0,0.0,0.0,0.0,0.0,,0.0,0.0,0.0,0.0,0.0,0.0,0.0,0.0,0.0,,,,,,
-0.010239815,4.7357574,0.0,0.0,0.0,0.0,0.0,0.0,,0.0,0.0,0.0,0.0,0.0,0.0,0.0,0.0,0.0,0.0,0.0,0.0,0.0,,,,,,
9.120061,8.011453,0.0,,,,0.0,0.0,0.0,,,,,,,,,,,1.0,,,,,0.0,1.0,,0.0
3.2805665,7.005745,,1.0,,,0.0,,,0.0,,0.0,1.0,1.0,,1.0,1.0,,,1.0,,0.0,,,,,,
9.222212,6.8442335,0.0,,,,0.0,0.0,0.0,,,,,,,,,,,0.0,0.0,,,,0.0,0.0,0.0,0.0
-1.2507732,5.8182836,0.0,0.0,0.0,0.0,0.0,0.0,0.0,0.0,0.0,0.0,0.0,0.0,0.0,0.0,0.0,0.0,0.0,0.0,0.0,0.0,0.0,0.0,,,,
2.2542872,5.3152347,0.0,0.0,0.0,0.0,0.0,0.0,0.0,0.0,0.0,0.0,0.0,0.0,0.0,0.0,0.0,0.0,0.0,0.0,,0.0,,,,,,
8.323584,3.1793456,,,,,,,,,,,,,,,,,,1.0,1.0,,,,,,,
1.8611811,5.804503,0.0,0.0,0.0,,0.0,0.0,0.0,0.0,0.0,0.0,,0.0,0.0,0.0,0.0,,,,,0.0,,0.0,,,,
1.2194476,-2.8167026,,,,,,,,,,,,0.0,,,0.0,,,,1.0,0.0,0.0,0.0,,,,
4.0715985,7.1084805,0.0,,0.0,,0.0,,0.0,,0.0,0.0,,,0.0,0.0,,0.0,0.0,0.0,0.0,0.0,0.0,0.0,1.0,1.0,0.0,0.0
3.369283,7.3895173,1.0,,1.0,0.0,,1.0,,,0.0,,,,0.0,,,0.0,,1.0,1.0,0.0,,0.0,,,,
3.3190336,7.421186,0.0,,0.0,0.0,,,1.0,1.0,0.0,0.0,,1.0,0.0,1.0,,,,1.0,,0.0,0.0,,,,,
9.536456,6.439192,0.0,,,,0.0,0.0,0.0,,,,,,,,,,,,,,,,0.0,,0.0,0.0
1.4881834,5.5629544,0.0,0.0,0.0,0.0,0.0,,0.0,0.0,,,1.0,,0.0,0.0,,,0.0,1.0,1.0,0.0,,,,,,
9.544947,6.4390917,0.0,,,,0.0,0.0,0.0,,,,,,,,,,,,,,,,0.0,1.0,0.0,0.0
-1.0846994,4.7320886,0.0,,0.0,,,0.0,,0.0,,,,1.0,0.0,,1.0,,1.0,1.0,,0.0,,1.0,,,,
1.8947566,3.7456882,0.0,0.0,0.0,0.0,0.0,0.0,,0.0,0.0,0.0,0.0,0.0,0.0,0.0,0.0,0.0,0.0,0.0,0.0,0.0,0.0,0.0,,,,0.0
2.4928846,5.587887,0.0,,0.0,,,,0.0,0.0,0.0,0.0,0.0,,0.0,0.0,0.0,0.0,0.0,0.0,0.0,0.0,0.0,0.0,1.0,,0.0,0.0
3.4607706,3.7174597,0.0,0.0,0.0,0.0,0.0,0.0,0.0,0.0,,0.0,0.0,0.0,0.0,0.0,0.0,0.0,0.0,0.0,0.0,0.0,,,,,,0.0
2.6639,4.1638465,0.0,,,,,,,,,,,0.0,,,,,0.0,,0.0,0.0,0.0,0.0,0.0,1.0,1.0,1.0
-0.87935704,4.7699766,0.0,1.0,0.0,1.0,1.0,1.0,0.0,0.0,1.0,1.0,,,1.0,1.0,1.0,,1.0,1.0,1.0,0.0,1.0,1.0,,,,
3.3671508,6.3294787,0.0,0.0,0.0,0.0,0.0,0.0,,0.0,0.0,,0.0,0.0,0.0,,0.0,0.0,,0.0,0.0,0.0,0.0,0.0,,,,
9.185443,7.975069,0.0,,,,0.0,0.0,0.0,,,,,,,,,,,,0.0,,,,0.0,0.0,0.0,0.0
0.47934565,1.4418555,0.0,0.0,0.0,,0.0,0.0,0.0,0.0,,0.0,0.0,0.0,1.0,0.0,0.0,0.0,0.0,,,0.0,,,,,,
0.09586335,8.795044,0.0,0.0,1.0,0.0,0.0,0.0,0.0,0.0,0.0,,0.0,0.0,0.0,,,0.0,0.0,1.0,,0.0,,,,,,
0.6842469,-2.740963,,0.0,0.0,0.0,0.0,0.0,0.0,0.0,,0.0,0.0,0.0,0.0,0.0,,0.0,0.0,0.0,,0.0,0.0,0.0,,,,
9.17505,7.8962736,0.0,,,,0.0,0.0,0.0,,,,,,,,,,,0.0,0.0,,,,0.0,0.0,0.0,0.0
-1.2177289,4.8309736,1.0,0.0,,,0.0,0.0,0.0,0.0,0.0,0.0,0.0,0.0,0.0,,0.0,0.0,0.0,,,1.0,,,,,,
0.59295577,2.2814898,0.0,0.0,0.0,0.0,0.0,0.0,0.0,0.0,0.0,0.0,0.0,,0.0,0.0,0.0,0.0,0.0,,0.0,0.0,0.0,0.0,,,,
9.242641,7.40151,0.0,,,,0.0,0.0,,,,,,,,,,,,,0.0,,,,1.0,1.0,1.0,
2.9509556,6.007925,0.0,0.0,0.0,0.0,0.0,0.0,0.0,,0.0,0.0,0.0,0.0,,0.0,0.0,0.0,0.0,0.0,,0.0,0.0,0.0,,,,
2.796095,5.184558,,0.0,0.0,0.0,0.0,0.0,0.0,0.0,0.0,0.0,,0.0,0.0,0.0,0.0,0.0,0.0,,,0.0,,0.0,,,,
9.045952,6.636476,0.0,,,,0.0,0.0,0.0,,,,,,,,,,,,1.0,,,,0.0,1.0,,1.0
2.41993,5.180729,0.0,,0.0,0.0,0.0,0.0,,0.0,,0.0,,0.0,0.0,0.0,0.0,0.0,0.0,0.0,0.0,0.0,,,,,,
-0.23463768,8.842044,0.0,0.0,0.0,0.0,0.0,0.0,0.0,0.0,,0.0,0.0,0.0,0.0,0.0,0.0,0.0,0.0,,,0.0,,0.0,,,,
8.258648,3.1877618,,,,,,,,,,0.0,,,0.0,1.0,0.0,1.0,,,1.0,0.0,,,,,,
8.172612,3.2762134,,,,,,,,0.0,0.0,0.0,,,0.0,0.0,0.0,1.0,0.0,,1.0,0.0,0.0,,,,,
-0.25856543,4.8295717,0.0,0.0,0.0,0.0,0.0,0.0,0.0,0.0,0.0,0.0,0.0,0.0,0.0,0.0,0.0,0.0,0.0,0.0,0.0,0.0,0.0,0.0,,,,
2.6004834,6.555907,,0.0,0.0,0.0,0.0,0.0,,,0.0,,,,0.0,0.0,0.0,0.0,0.0,0.0,0.0,0.0,,,,,,
4.3764753,7.428603,0.0,0.0,0.0,0.0,0.0,0.0,0.0,0.0,1.0,0.0,,0.0,0.0,,,0.0,0.0,1.0,1.0,0.0,0.0,,,,,
1.6229882,6.4060917,0.0,0.0,0.0,0.0,0.0,0.0,0.0,0.0,,0.0,0.0,,0.0,0.0,,0.0,0.0,,,0.0,,,,,,
-0.6923691,4.596065,0.0,0.0,0.0,0.0,0.0,0.0,,0.0,0.0,0.0,0.0,0.0,0.0,0.0,,0.0,0.0,0.0,0.0,0.0,,0.0,,,,
1.489806,4.7864637,0.0,0.0,0.0,0.0,,,0.0,0.0,0.0,,0.0,0.0,0.0,,0.0,0.0,0.0,0.0,0.0,0.0,,,,,,
3.112884,5.243891,0.0,0.0,0.0,0.0,0.0,0.0,0.0,0.0,,,0.0,,0.0,,0.0,0.0,0.0,,,0.0,0.0,0.0,,,,
1.4468908,5.9211855,,,,,,,0.0,0.0,,0.0,,,0.0,0.0,,,0.0,1.0,,0.0,0.0,,,,,
0.880012,4.742195,,,,,,,,0.0,0.0,,,,,,,,,1.0,1.0,,,,,,,
3.3566208,3.0653894,,,,,,,,0.0,0.0,,,,0.0,0.0,,0.0,0.0,1.0,1.0,0.0,,,,,,
1.7180953,6.220676,0.0,0.0,0.0,0.0,0.0,0.0,0.0,0.0,0.0,0.0,0.0,0.0,0.0,0.0,0.0,0.0,0.0,0.0,0.0,0.0,,0.0,,,,
0.5447915,1.5533688,,0.0,0.0,0.0,0.0,0.0,0.0,1.0,0.0,0.0,0.0,0.0,0.0,0.0,0.0,0.0,0.0,1.0,,,0.0,0.0,,,,
0.52012265,4.8033295,0.0,0.0,,1.0,1.0,1.0,,0.0,1.0,,1.0,1.0,,1.0,0.0,,1.0,1.0,1.0,,,,,,,1.0
-0.053948548,8.69436,0.0,0.0,0.0,0.0,0.0,0.0,0.0,0.0,0.0,,0.0,0.0,0.0,0.0,0.0,0.0,0.0,0.0,0.0,0.0,,,,,,
0.54270166,4.1072135,0.0,0.0,0.0,0.0,1.0,1.0,0.0,0.0,0.0,0.0,0.0,0.0,0.0,0.0,0.0,0.0,0.0,0.0,0.0,0.0,,,,,,
-0.07565704,8.704939,,0.0,0.0,0.0,0.0,0.0,0.0,0.0,0.0,0.0,0.0,0.0,0.0,0.0,0.0,0.0,0.0,0.0,0.0,0.0,0.0,0.0,,,,
0.9888711,4.8631344,0.0,,,,,,,,,,,,,,,,,,,,,,0.0,0.0,0.0,0.0
1.6697357,6.5995674,,0.0,0.0,0.0,,,0.0,0.0,0.0,0.0,0.0,,0.0,,,,0.0,,,0.0,0.0,0.0,,,,
3.8217773,6.224917,,,,,0.0,,0.0,0.0,,0.0,,,0.0,0.0,,0.0,0.0,,,1.0,,,,,,
9.03535,6.63264,0.0,,,,0.0,0.0,0.0,,,,,,,,,,,,,,,,0.0,0.0,0.0,0.0
1.3418425,4.782432,0.0,0.0,0.0,0.0,0.0,0.0,0.0,0.0,0.0,0.0,0.0,0.0,0.0,0.0,0.0,0.0,0.0,0.0,0.0,0.0,0.0,0.0,,,,0.0
1.1551123,6.54701,0.0,0.0,0.0,0.0,0.0,0.0,0.0,0.0,1.0,0.0,0.0,0.0,0.0,0.0,,0.0,0.0,0.0,0.0,0.0,,,,,,0.0
2.739861,3.902633,0.0,0.0,0.0,0.0,0.0,0.0,0.0,0.0,0.0,0.0,,0.0,0.0,0.0,0.0,0.0,0.0,,,0.0,,,,,,
2.823811,5.285914,,,,,,,0.0,0.0,,0.0,,,0.0,0.0,,0.0,0.0,,,0.0,0.0,0.0,,,,
2.7321186,8.004887,,,0.0,,,,0.0,0.0,0.0,,0.0,0.0,,,0.0,0.0,,0.0,0.0,,0.0,0.0,,,,
-0.2836244,5.208093,0.0,0.0,0.0,0.0,0.0,0.0,,0.0,0.0,0.0,0.0,0.0,0.0,0.0,0.0,0.0,0.0,0.0,0.0,0.0,0.0,0.0,,,,0.0
2.7469082,3.945831,0.0,0.0,0.0,0.0,0.0,0.0,,0.0,0.0,0.0,0.0,0.0,0.0,0.0,0.0,0.0,0.0,0.0,0.0,0.0,0.0,0.0,,,,
-0.77792203,5.6239834,0.0,1.0,,,1.0,,,,1.0,,1.0,,1.0,1.0,,,1.0,1.0,,0.0,1.0,,,,,
-1.1170472,5.8003883,0.0,0.0,0.0,0.0,0.0,0.0,,,0.0,0.0,0.0,0.0,0.0,0.0,0.0,0.0,0.0,0.0,,0.0,0.0,0.0,,,,0.0
2.5716505,5.441496,,,,,0.0,0.0,0.0,0.0,,0.0,0.0,0.0,,0.0,1.0,0.0,0.0,,,0.0,0.0,0.0,,,,
3.1797452,7.2908187,0.0,0.0,0.0,0.0,0.0,0.0,,0.0,0.0,0.0,0.0,0.0,0.0,0.0,0.0,0.0,0.0,0.0,0.0,0.0,,,,,,
3.5992692,6.215117,0.0,0.0,,0.0,0.0,0.0,,0.0,0.0,0.0,0.0,0.0,0.0,0.0,0.0,0.0,0.0,,,0.0,,,,,,
-0.43204957,4.7569566,0.0,0.0,0.0,0.0,0.0,0.0,0.0,0.0,0.0,0.0,0.0,0.0,0.0,0.0,0.0,0.0,0.0,0.0,0.0,0.0,0.0,0.0,,,,
1.2375914,4.2148585,0.0,0.0,0.0,0.0,0.0,0.0,0.0,0.0,0.0,0.0,0.0,0.0,0.0,0.0,0.0,0.0,0.0,0.0,,0.0,0.0,0.0,,,,0.0
-1.3986403,5.729723,0.0,0.0,0.0,0.0,0.0,0.0,,0.0,,0.0,0.0,0.0,0.0,0.0,0.0,0.0,0.0,0.0,0.0,0.0,,0.0,,,,0.0
1.7230345,5.9111733,,,0.0,,,,0.0,0.0,0.0,,0.0,,,,,0.0,,1.0,,,0.0,0.0,,,,
3.8918455,3.5589669,0.0,0.0,0.0,0.0,0.0,0.0,0.0,0.0,0.0,0.0,0.0,0.0,0.0,0.0,0.0,0.0,0.0,0.0,0.0,0.0,0.0,0.0,,,,
2.2330174,4.707623,0.0,0.0,0.0,0.0,0.0,0.0,,0.0,0.0,0.0,,0.0,0.0,0.0,0.0,0.0,0.0,0.0,0.0,0.0,,,,,,
2.208869,4.6926885,0.0,0.0,0.0,0.0,0.0,0.0,,0.0,,0.0,0.0,0.0,0.0,0.0,0.0,0.0,0.0,,0.0,0.0,0.0,0.0,,,,
4.1461377,7.517878,,,,,,,,,,,,0.0,,,0.0,0.0,0.0,0.0,0.0,0.0,0.0,0.0,,,,
1.1310498,5.083702,,,,,,,,,,,,0.0,,,,0.0,0.0,,0.0,0.0,0.0,0.0,,,,
2.2263608,6.804866,1.0,0.0,0.0,0.0,0.0,0.0,0.0,0.0,0.0,0.0,,0.0,0.0,0.0,0.0,,0.0,0.0,0.0,0.0,,0.0,,,,
7.919297,3.1916003,,,,,,,0.0,0.0,0.0,1.0,,1.0,0.0,,,1.0,,1.0,1.0,0.0,,1.0,,,,
9.194956,7.9881635,0.0,,,,0.0,0.0,0.0,,,,,,,,,,,,0.0,,,,0.0,0.0,0.0,0.0
1.8533899,3.5445323,0.0,,0.0,,0.0,,0.0,0.0,,,,,0.0,,1.0,0.0,,1.0,1.0,0.0,0.0,1.0,,,,
3.3770907,3.036993,0.0,,,0.0,1.0,,0.0,0.0,0.0,,,1.0,0.0,1.0,,1.0,,1.0,1.0,0.0,,1.0,,,,
2.4540403,7.51716,,0.0,0.0,0.0,0.0,0.0,,0.0,0.0,0.0,0.0,0.0,0.0,0.0,0.0,0.0,0.0,,0.0,0.0,0.0,0.0,,,,
4.216169,7.4382815,,,,,,,,,,,,,,,0.0,0.0,0.0,0.0,0.0,0.0,0.0,0.0,,,,
-0.36137763,5.011158,0.0,0.0,0.0,0.0,0.0,0.0,1.0,0.0,0.0,0.0,0.0,0.0,0.0,0.0,,0.0,0.0,,0.0,0.0,0.0,0.0,,,,
3.7188182,3.6237957,,0.0,0.0,0.0,0.0,0.0,0.0,0.0,,0.0,0.0,0.0,0.0,,0.0,0.0,0.0,0.0,0.0,0.0,0.0,0.0,,,,
0.49977052,1.6128412,,0.0,0.0,0.0,0.0,,0.0,0.0,0.0,1.0,,,,,0.0,0.0,0.0,1.0,1.0,0.0,,0.0,,,,
-1.0396477,5.644029,0.0,0.0,0.0,0.0,0.0,0.0,0.0,0.0,0.0,0.0,0.0,0.0,0.0,0.0,0.0,0.0,0.0,0.0,0.0,0.0,0.0,0.0,,,,
4.042093,7.2027397,0.0,0.0,0.0,,0.0,0.0,0.0,0.0,1.0,1.0,0.0,0.0,0.0,,0.0,,,,,,0.0,0.0,,,,
1.8023252,4.494462,0.0,0.0,0.0,0.0,0.0,0.0,0.0,0.0,,,0.0,,0.0,0.0,0.0,0.0,0.0,0.0,0.0,0.0,0.0,0.0,,,,
8.145477,11.769429,,0.0,0.0,0.0,0.0,0.0,0.0,0.0,0.0,0.0,,0.0,0.0,1.0,,0.0,1.0,1.0,1.0,0.0,0.0,0.0,,,,
9.279376,7.8146424,0.0,,,,0.0,0.0,0.0,,,,,,,,,,,,0.0,,,,0.0,,0.0,0.0
9.0111265,6.638041,,,,,1.0,0.0,0.0,,,,,,,,,,,1.0,1.0,,,,0.0,0.0,,0.0
-0.9644842,5.9394965,0.0,,0.0,0.0,0.0,0.0,0.0,0.0,0.0,0.0,0.0,0.0,0.0,0.0,0.0,0.0,0.0,0.0,0.0,0.0,0.0,0.0,,,,
2.7210276,7.0268226,0.0,0.0,0.0,0.0,0.0,0.0,0.0,0.0,,0.0,0.0,,,0.0,,0.0,,,0.0,0.0,,,,,,
3.9041889,6.4641743,,0.0,0.0,0.0,0.0,0.0,,0.0,0.0,0.0,,0.0,0.0,0.0,0.0,0.0,0.0,0.0,0.0,0.0,,,,,,
2.8833394,7.1558642,0.0,0.0,0.0,0.0,0.0,0.0,0.0,0.0,0.0,0.0,0.0,0.0,0.0,0.0,0.0,,0.0,0.0,0.0,0.0,,,,,,
2.9243436,7.1874976,0.0,0.0,0.0,0.0,0.0,0.0,0.0,0.0,0.0,0.0,0.0,0.0,0.0,0.0,0.0,0.0,0.0,0.0,0.0,0.0,,,,,,
1.2148052,-2.8298166,,,,,,,,,,,,1.0,,,,,,,1.0,0.0,0.0,0.0,,,,
-0.6166514,5.187229,,0.0,0.0,0.0,0.0,0.0,,,,0.0,0.0,0.0,0.0,0.0,0.0,0.0,0.0,,,1.0,,0.0,,,,
2.743759,3.9109764,0.0,0.0,0.0,0.0,0.0,0.0,,0.0,0.0,0.0,,0.0,0.0,0.0,0.0,0.0,0.0,0.0,0.0,0.0,0.0,0.0,,,,
0.005662946,8.815046,0.0,0.0,0.0,0.0,0.0,0.0,0.0,0.0,0.0,0.0,0.0,0.0,0.0,0.0,0.0,0.0,0.0,0.0,0.0,0.0,,0.0,,,,
3.1021097,7.3427563,,,,,,,0.0,0.0,,,,0.0,,,0.0,0.0,,0.0,0.0,,,0.0,,,,
-1.2215325,4.846981,0.0,0.0,0.0,1.0,,,,,1.0,,,0.0,1.0,0.0,0.0,0.0,,1.0,1.0,0.0,,,,,,
1.4726139,4.6994567,0.0,0.0,1.0,0.0,0.0,0.0,,0.0,0.0,,,,0.0,0.0,1.0,0.0,0.0,0.0,,0.0,0.0,0.0,,,,
0.026560524,8.673218,0.0,0.0,0.0,0.0,0.0,0.0,0.0,0.0,0.0,,,,0.0,,0.0,0.0,0.0,0.0,0.0,0.0,0.0,0.0,,,,
0.04938369,8.680611,0.0,,0.0,0.0,0.0,0.0,0.0,0.0,,0.0,,0.0,0.0,,0.0,0.0,0.0,,,0.0,,,,,,
-1.4962072,5.5670576,0.0,0.0,0.0,0.0,0.0,0.0,0.0,0.0,,0.0,0.0,0.0,0.0,0.0,0.0,0.0,0.0,0.0,0.0,0.0,,0.0,,,,
0.35000005,5.8501825,0.0,,0.0,0.0,,0.0,0.0,,,,,,1.0,,,,,1.0,1.0,0.0,,,,,,
-0.4262031,4.9356084,0.0,0.0,0.0,0.0,0.0,0.0,0.0,0.0,0.0,0.0,0.0,0.0,0.0,0.0,0.0,0.0,0.0,0.0,0.0,0.0,0.0,0.0,,,,
0.052170895,8.90538,0.0,0.0,0.0,0.0,0.0,0.0,0.0,0.0,,0.0,0.0,0.0,0.0,0.0,0.0,0.0,,0.0,0.0,0.0,,,,,,
3.4863362,5.501826,0.0,,0.0,0.0,0.0,0.0,0.0,0.0,0.0,0.0,0.0,0.0,0.0,0.0,,0.0,0.0,,,0.0,0.0,0.0,,,,
1.2165705,-2.8172758,,,,,,,,,,,,,,,,0.0,0.0,,1.0,0.0,0.0,0.0,,,,
1.768803,3.4543655,0.0,0.0,,0.0,0.0,0.0,0.0,0.0,0.0,,0.0,0.0,0.0,,,0.0,0.0,,,0.0,,0.0,,,,
9.162013,7.809806,0.0,,,,0.0,0.0,0.0,,,,,,,,,,,,,,,,1.0,0.0,,1.0
1.1625109,4.8922534,0.0,,,,,,,,,,,,,,,,,,,,,,0.0,0.0,0.0,0.0
1.2272781,-2.8112438,,,,,,,,,,,,0.0,,,,,,0.0,0.0,0.0,0.0,0.0,,,,
-1.3808496,5.651255,0.0,0.0,0.0,0.0,0.0,0.0,0.0,0.0,0.0,0.0,0.0,0.0,0.0,0.0,0.0,0.0,0.0,0.0,0.0,0.0,,0.0,,,,
2.827225,5.292639,,,,,,,0.0,0.0,,0.0,,,0.0,0.0,0.0,0.0,0.0,,,0.0,,0.0,,,,
8.669882,7.818092,,,,,,,,,,,,0.0,,,,0.0,0.0,1.0,1.0,0.0,0.0,,,,,
3.9933643,3.5103538,,1.0,0.0,1.0,1.0,1.0,1.0,1.0,,,,1.0,,,1.0,1.0,1.0,1.0,1.0,0.0,,1.0,,,,
8.126785,2.966365,,0.0,0.0,0.0,,,,0.0,,0.0,,,0.0,0.0,,,0.0,,,0.0,0.0,0.0,,,,
0.55656266,5.7106752,0.0,,,,0.0,1.0,0.0,,,,,,,,,1.0,,,,0.0,0.0,0.0,,,,
3.3340428,3.1759663,0.0,0.0,,0.0,0.0,0.0,1.0,,,0.0,0.0,,,0.0,,,,,,,,,,1.0,,
3.3682628,7.386205,0.0,0.0,0.0,0.0,0.0,0.0,0.0,0.0,,0.0,0.0,0.0,0.0,0.0,0.0,0.0,0.0,,,0.0,,,,,,
3.3152974,6.4097857,0.0,0.0,0.0,0.0,0.0,1.0,1.0,0.0,0.0,0.0,0.0,0.0,0.0,0.0,0.0,0.0,0.0,,,0.0,,,,,,0.0
9.202373,7.267931,0.0,,,,0.0,0.0,0.0,,,,,,,,,,,1.0,,,,,0.0,0.0,0.0,0.0
0.97589815,4.883128,0.0,0.0,0.0,0.0,0.0,0.0,0.0,0.0,0.0,0.0,0.0,0.0,0.0,0.0,0.0,0.0,0.0,0.0,0.0,0.0,0.0,0.0,,,,0.0
-0.4304538,4.959544,0.0,0.0,0.0,0.0,0.0,0.0,0.0,0.0,0.0,0.0,0.0,0.0,0.0,0.0,0.0,0.0,0.0,0.0,0.0,0.0,,,,,,
1.2783917,4.6728516,0.0,,0.0,0.0,1.0,1.0,0.0,0.0,,,1.0,0.0,1.0,0.0,0.0,,0.0,1.0,,0.0,0.0,0.0,,,,
3.9799113,7.166328,,,,,1.0,1.0,,,,,,,,,,,,,,,,,,,,
2.7677696,7.9893317,,,0.0,,,,0.0,0.0,0.0,,0.0,0.0,,,0.0,0.0,,0.0,0.0,,0.0,0.0,,,,
0.69405764,1.6580974,0.0,0.0,0.0,0.0,0.0,0.0,0.0,0.0,0.0,,0.0,0.0,0.0,0.0,0.0,0.0,0.0,1.0,,0.0,0.0,0.0,,,,
-1.4384679,5.5367355,,0.0,0.0,0.0,0.0,0.0,0.0,0.0,,0.0,0.0,0.0,0.0,,0.0,0.0,0.0,,,0.0,0.0,0.0,,,,
-0.8639058,4.6465154,0.0,0.0,0.0,1.0,1.0,,,0.0,1.0,1.0,1.0,,1.0,,,1.0,1.0,1.0,1.0,0.0,1.0,1.0,,,,
3.9636898,6.388912,0.0,0.0,0.0,0.0,0.0,0.0,,0.0,0.0,0.0,0.0,0.0,0.0,0.0,0.0,0.0,0.0,,,0.0,0.0,0.0,,,,
1.6540854,4.997936,,,,0.0,0.0,0.0,0.0,,,,,,,0.0,,,,0.0,0.0,,,,,,,
2.7244525,8.01701,,,0.0,,,,0.0,0.0,0.0,,0.0,0.0,,,0.0,0.0,,0.0,0.0,,0.0,0.0,,,,
3.4159586,7.5718102,0.0,0.0,0.0,0.0,0.0,0.0,0.0,0.0,0.0,0.0,0.0,0.0,0.0,0.0,,0.0,0.0,0.0,0.0,0.0,0.0,0.0,,,,
0.11414992,8.780093,0.0,,,,,,0.0,0.0,,,0.0,,0.0,,,0.0,0.0,,1.0,0.0,,0.0,,,,
1.456223,4.709875,,,,0.0,0.0,0.0,0.0,,,,,,,0.0,,,,0.0,0.0,,,,,,,
-0.88943917,5.524457,,1.0,0.0,1.0,1.0,1.0,1.0,,1.0,,,1.0,1.0,1.0,0.0,,1.0,1.0,1.0,0.0,,,,,,
3.2317972,7.1987233,0.0,,0.0,0.0,0.0,0.0,0.0,0.0,0.0,,,1.0,0.0,0.0,,,0.0,,,0.0,,0.0,,,,
-0.31844303,4.763054,0.0,0.0,0.0,0.0,0.0,0.0,0.0,0.0,0.0,0.0,0.0,0.0,0.0,0.0,0.0,0.0,0.0,0.0,0.0,0.0,,,,,,0.0
0.9203924,4.690002,0.0,0.0,0.0,0.0,0.0,0.0,0.0,0.0,0.0,0.0,0.0,0.0,0.0,0.0,0.0,0.0,0.0,0.0,0.0,0.0,,0.0,,,,0.0
1.4775387,4.9831944,0.0,0.0,0.0,0.0,0.0,0.0,,,0.0,0.0,0.0,0.0,0.0,0.0,0.0,0.0,0.0,0.0,0.0,0.0,,,,,,0.0
1.2119061,-2.8170166,,,,,,,,,,,,0.0,,,0.0,0.0,0.0,0.0,,0.0,0.0,0.0,,,,
8.125925,11.786188,,0.0,0.0,0.0,0.0,0.0,0.0,0.0,0.0,0.0,,0.0,0.0,,,,0.0,,0.0,0.0,0.0,0.0,,,,
1.2988731,4.8628073,0.0,,,,,,,,,,,,,,,,,,,,,,,0.0,1.0,0.0
0.7194526,-2.7743459,,0.0,0.0,0.0,0.0,0.0,,0.0,,0.0,0.0,0.0,0.0,0.0,0.0,0.0,0.0,,0.0,0.0,0.0,0.0,,,,
0.70159876,-2.759621,0.0,0.0,0.0,0.0,0.0,0.0,0.0,0.0,,,,0.0,0.0,0.0,0.0,,,0.0,0.0,0.0,0.0,0.0,,,,
1.5522723,4.818076,0.0,,0.0,0.0,0.0,0.0,0.0,0.0,,0.0,0.0,,0.0,,0.0,0.0,,1.0,1.0,0.0,,,,,,
9.218962,7.4190655,0.0,,,,0.0,0.0,0.0,,,,,,,,,,,,,,,,0.0,0.0,0.0,0.0
9.239101,7.332156,0.0,,,,0.0,0.0,0.0,,,,,,,,,,,0.0,0.0,,,,0.0,,0.0,0.0
1.5504055,5.7055936,0.0,0.0,0.0,0.0,,0.0,0.0,0.0,0.0,0.0,0.0,0.0,0.0,0.0,0.0,0.0,0.0,0.0,0.0,0.0,,,,,,0.0
1.7866235,3.5083504,,0.0,0.0,,0.0,0.0,,0.0,,,,0.0,0.0,,,0.0,0.0,1.0,,0.0,,,,,,0.0
8.249524,3.168814,,,,,,,0.0,,0.0,0.0,,,0.0,0.0,,1.0,,,1.0,0.0,0.0,0.0,,,,
8.256043,3.1818962,,,,,,,0.0,0.0,0.0,0.0,,,0.0,0.0,1.0,1.0,0.0,1.0,,0.0,0.0,,,,,
8.25313,3.186622,,,,,,,,,0.0,,,,0.0,1.0,,1.0,0.0,1.0,1.0,0.0,,0.0,,,,
3.2947025,7.074489,0.0,,,,,0.0,,0.0,,,0.0,1.0,0.0,,1.0,1.0,1.0,1.0,1.0,0.0,1.0,,,,,
3.3236964,6.1604795,0.0,0.0,0.0,0.0,0.0,0.0,0.0,0.0,0.0,0.0,,0.0,0.0,0.0,0.0,0.0,0.0,0.0,,1.0,0.0,0.0,,,,
0.5974353,5.6614075,0.0,,0.0,0.0,0.0,0.0,,0.0,0.0,0.0,0.0,0.0,0.0,0.0,0.0,0.0,0.0,0.0,0.0,0.0,0.0,0.0,,,,0.0
0.059561703,8.763616,0.0,0.0,0.0,0.0,0.0,0.0,0.0,0.0,0.0,,0.0,0.0,0.0,0.0,,0.0,0.0,,0.0,0.0,,,,,,
1.8374623,5.324917,0.0,0.0,0.0,0.0,0.0,0.0,0.0,0.0,0.0,0.0,0.0,0.0,0.0,0.0,0.0,0.0,0.0,0.0,0.0,,,,,,,
-0.02864793,8.664087,0.0,0.0,0.0,0.0,0.0,0.0,0.0,0.0,0.0,0.0,0.0,0.0,0.0,0.0,0.0,0.0,0.0,0.0,0.0,0.0,,,,,,
3.107635,7.227288,0.0,0.0,0.0,0.0,0.0,0.0,0.0,0.0,0.0,,0.0,0.0,0.0,0.0,0.0,0.0,0.0,0.0,0.0,0.0,0.0,0.0,,,,
4.6434717,6.2180214,,,,,,,0.0,0.0,0.0,0.0,0.0,,0.0,,0.0,0.0,,0.0,,0.0,0.0,0.0,,,,
3.6080196,7.224041,,,0.0,0.0,0.0,,0.0,0.0,,,1.0,,,0.0,,0.0,0.0,1.0,,0.0,0.0,0.0,,,,
2.7453766,6.581005,,,,,,,,,,,,0.0,,,,0.0,0.0,,,0.0,0.0,0.0,,,,
0.016693061,8.820344,0.0,0.0,0.0,0.0,0.0,0.0,0.0,0.0,0.0,0.0,0.0,0.0,0.0,0.0,0.0,0.0,0.0,0.0,0.0,0.0,0.0,0.0,,,,
3.1091125,7.2942724,,,,,,,0.0,0.0,,,,0.0,,,0.0,,,1.0,1.0,,0.0,0.0,,,,
4.623749,6.2074385,,,,,,,0.0,0.0,,,,1.0,0.0,0.0,,0.0,0.0,,1.0,0.0,,,,,,
3.4924853,3.7091107,0.0,0.0,0.0,0.0,0.0,0.0,0.0,0.0,0.0,0.0,0.0,0.0,0.0,0.0,0.0,0.0,0.0,0.0,0.0,0.0,,,,,,
0.56721544,1.5566281,0.0,0.0,0.0,0.0,0.0,0.0,0.0,0.0,1.0,,,0.0,0.0,1.0,0.0,0.0,0.0,1.0,,0.0,0.0,0.0,,,,
0.5606188,1.5785813,,1.0,,0.0,0.0,0.0,0.0,0.0,,,0.0,,0.0,0.0,0.0,0.0,0.0,1.0,,0.0,0.0,0.0,,,,
9.301827,6.8616047,0.0,,,,0.0,0.0,0.0,,,,,,,,,,,,0.0,,,,0.0,1.0,0.0,0.0
8.107934,2.9815629,,0.0,0.0,0.0,0.0,0.0,0.0,0.0,0.0,,,,0.0,0.0,,,0.0,1.0,1.0,0.0,,,,,,
2.5285683,4.2412286,0.0,0.0,0.0,0.0,0.0,0.0,0.0,0.0,0.0,0.0,0.0,0.0,0.0,0.0,0.0,0.0,0.0,0.0,0.0,0.0,,,,,,
2.195516,4.663063,,0.0,0.0,0.0,,,,1.0,0.0,0.0,0.0,0.0,0.0,,0.0,0.0,0.0,1.0,,,0.0,0.0,,,,
3.4937158,3.7351623,0.0,0.0,0.0,,0.0,0.0,1.0,,0.0,1.0,0.0,,,0.0,0.0,0.0,,,1.0,0.0,,,,,,
0.8846838,5.406662,0.0,0.0,0.0,0.0,0.0,0.0,0.0,0.0,0.0,0.0,0.0,0.0,0.0,0.0,0.0,0.0,0.0,0.0,0.0,0.0,0.0,0.0,,,,
3.4030874,5.357298,,,,,,,,,,,,1.0,,,,,,1.0,1.0,,,,,,,
-0.32372883,4.851903,0.0,0.0,0.0,0.0,0.0,,0.0,0.0,0.0,0.0,0.0,0.0,0.0,0.0,0.0,0.0,0.0,0.0,0.0,0.0,,0.0,,,,
-0.7145691,4.720254,,0.0,0.0,0.0,0.0,0.0,0.0,0.0,0.0,0.0,0.0,0.0,0.0,0.0,0.0,0.0,0.0,0.0,0.0,0.0,0.0,0.0,,,,
-0.7907121,4.66926,,0.0,0.0,0.0,0.0,0.0,0.0,0.0,0.0,,,,0.0,0.0,0.0,0.0,0.0,0.0,0.0,0.0,,,,,,
0.8845395,6.2569914,0.0,0.0,0.0,1.0,,0.0,0.0,0.0,,0.0,,1.0,0.0,0.0,,,1.0,,1.0,0.0,,1.0,,,,1.0
4.0664244,5.470671,,,,,,,,,,,,1.0,,,,0.0,1.0,1.0,1.0,0.0,0.0,0.0,,,,
4.073601,5.471764,,,,,,,,,,,,0.0,,,,0.0,0.0,,0.0,0.0,0.0,0.0,,,,
4.035724,5.4601994,,,,,,,,,,,,,,,0.0,0.0,0.0,,,0.0,0.0,0.0,,,,
4.0630617,5.468531,,,,,,,,,,,,0.0,,,,0.0,,,,0.0,0.0,0.0,,,,
3.3250265,6.414516,0.0,,,,,,,0.0,1.0,,,,0.0,,,0.0,,1.0,1.0,0.0,1.0,1.0,,,,0.0
1.4523499,5.5555367,,,,,0.0,0.0,0.0,0.0,0.0,0.0,,0.0,0.0,0.0,0.0,0.0,0.0,0.0,0.0,0.0,,,,,,
-0.7263632,4.6878166,0.0,0.0,,0.0,0.0,0.0,,0.0,,0.0,,0.0,0.0,0.0,0.0,0.0,0.0,0.0,0.0,0.0,,0.0,,,,
2.3784819,7.0930696,,0.0,0.0,0.0,0.0,0.0,0.0,0.0,,0.0,0.0,0.0,0.0,,,0.0,0.0,,,0.0,0.0,0.0,,,,
-1.1814092,5.368665,0.0,0.0,0.0,0.0,0.0,0.0,0.0,0.0,0.0,0.0,0.0,0.0,0.0,0.0,0.0,0.0,0.0,0.0,0.0,0.0,0.0,0.0,,,,
-1.2512299,5.946171,0.0,0.0,0.0,0.0,0.0,0.0,0.0,0.0,0.0,0.0,0.0,0.0,0.0,0.0,0.0,0.0,0.0,,,0.0,,,,,,
2.960491,6.6439266,,,,,,,,,,,,,,,0.0,0.0,0.0,1.0,1.0,0.0,0.0,0.0,,,,
8.27663,3.1981165,,,,,,,0.0,0.0,,0.0,,0.0,0.0,0.0,0.0,0.0,0.0,,,0.0,0.0,0.0,,,,
2.8294044,6.1631174,,0.0,0.0,0.0,0.0,0.0,0.0,0.0,0.0,0.0,0.0,0.0,0.0,0.0,0.0,0.0,0.0,0.0,0.0,0.0,0.0,0.0,,,,
3.4811535,6.49289,,0.0,0.0,0.0,0.0,0.0,0.0,0.0,0.0,0.0,,0.0,0.0,0.0,0.0,0.0,0.0,0.0,0.0,0.0,0.0,0.0,,,,
3.3844352,7.4086976,0.0,0.0,0.0,0.0,0.0,,0.0,0.0,,0.0,0.0,,0.0,,0.0,,,0.0,0.0,0.0,,,,,,
1.285753,5.324828,0.0,0.0,0.0,,0.0,0.0,0.0,0.0,0.0,0.0,0.0,0.0,0.0,0.0,0.0,0.0,0.0,0.0,0.0,0.0,,,,,,0.0
4.3037953,7.3367143,0.0,0.0,0.0,0.0,,0.0,0.0,0.0,,0.0,,,0.0,,,0.0,,,,0.0,0.0,,,,,
0.5552893,1.7881639,0.0,0.0,0.0,0.0,0.0,0.0,,0.0,0.0,,,0.0,0.0,0.0,0.0,0.0,0.0,0.0,0.0,0.0,,,,,,
3.2712622,6.3407,,,,,,,,,,,,,,,,,1.0,,,0.0,0.0,0.0,,,,
-0.4399245,4.9830675,0.0,0.0,0.0,,0.0,0.0,0.0,0.0,0.0,0.0,0.0,0.0,0.0,0.0,,0.0,0.0,,,1.0,0.0,0.0,,,,0.0
3.503397,7.2560134,0.0,,0.0,,0.0,0.0,,1.0,0.0,0.0,,0.0,0.0,,0.0,,,1.0,,1.0,,,,,,
8.701628,7.843763,,,,,,,,,,,,0.0,,,0.0,,0.0,1.0,1.0,0.0,0.0,,,,,
4.073417,6.434347,,0.0,0.0,0.0,0.0,0.0,0.0,0.0,0.0,0.0,0.0,0.0,0.0,0.0,,0.0,0.0,,0.0,0.0,0.0,0.0,,,,
3.2379186,6.780469,,0.0,0.0,0.0,0.0,0.0,,0.0,,,,0.0,0.0,0.0,,0.0,0.0,0.0,0.0,0.0,0.0,0.0,,,,
8.239568,3.1833544,,,,,,,,,0.0,,,,0.0,,,1.0,0.0,,1.0,0.0,1.0,1.0,,,,
2.7619476,3.9662569,0.0,0.0,0.0,0.0,0.0,0.0,0.0,0.0,,0.0,,0.0,0.0,0.0,0.0,0.0,0.0,0.0,0.0,0.0,,,,,,
9.163517,7.1004624,0.0,,,,0.0,0.0,0.0,,,,,,,,,,,0.0,0.0,,,,0.0,1.0,0.0,
1.2116193,-2.817891,,,,,,,,,,,,0.0,,,0.0,0.0,0.0,0.0,0.0,0.0,0.0,0.0,,,,
1.222371,-2.8131087,,,,,,,,,,,,1.0,,,,,,1.0,1.0,0.0,0.0,,,,,
1.5401533,4.5703936,0.0,0.0,0.0,0.0,0.0,0.0,0.0,0.0,0.0,0.0,0.0,0.0,0.0,0.0,0.0,0.0,0.0,0.0,0.0,0.0,,,,,,0.0
3.3161323,7.4052324,,,0.0,,,,0.0,0.0,,,,0.0,,,0.0,0.0,,0.0,0.0,,0.0,0.0,,,,
8.121902,3.0029273,0.0,0.0,0.0,0.0,1.0,1.0,0.0,0.0,0.0,0.0,,,0.0,,,1.0,0.0,1.0,,0.0,0.0,0.0,,,,
9.286324,7.81066,0.0,,,,0.0,0.0,0.0,,,,,,,,,,,1.0,,,,,0.0,0.0,,0.0
1.2077518,6.002071,0.0,0.0,0.0,0.0,1.0,,0.0,0.0,0.0,0.0,0.0,0.0,0.0,0.0,,0.0,0.0,0.0,,0.0,,,,,,0.0
2.4935653,7.3816824,0.0,,0.0,,,0.0,0.0,0.0,,,,0.0,0.0,0.0,0.0,0.0,0.0,1.0,1.0,0.0,,,,,,
9.077286,8.027947,0.0,,,,0.0,0.0,0.0,,,,,,,,,,,0.0,0.0,,,,0.0,0.0,1.0,0.0
3.2889652,7.0976005,,1.0,0.0,,,,1.0,0.0,1.0,1.0,,,0.0,1.0,1.0,0.0,1.0,,1.0,0.0,,,,,,
3.9206903,3.579504,0.0,0.0,0.0,0.0,0.0,0.0,0.0,0.0,0.0,0.0,0.0,0.0,0.0,0.0,0.0,0.0,0.0,0.0,0.0,0.0,,,,,,
3.9201586,3.6112323,0.0,0.0,0.0,0.0,0.0,0.0,0.0,0.0,0.0,0.0,,0.0,0.0,0.0,0.0,0.0,0.0,0.0,0.0,0.0,,,,,,
-0.9846168,5.7886834,,0.0,0.0,,0.0,0.0,0.0,0.0,,0.0,0.0,0.0,0.0,0.0,0.0,0.0,0.0,,,0.0,0.0,0.0,,,,
9.492381,6.5051575,0.0,,,,0.0,0.0,0.0,,,,,,,,,,,0.0,0.0,,,,0.0,,0.0,
2.0038526,4.765844,1.0,,,,,,,,,,,,,,,,,,,,,,,0.0,0.0,0.0
-0.13951367,3.15762,0.0,0.0,0.0,,0.0,0.0,,,,,,,,,,,,,,,,,,,,0.0
0.5270381,4.0902233,0.0,0.0,0.0,0.0,1.0,1.0,0.0,0.0,0.0,0.0,0.0,0.0,0.0,0.0,0.0,0.0,0.0,,0.0,0.0,,,,,,
9.283546,7.3579683,0.0,,,,,0.0,0.0,,,,,,,,,,,1.0,1.0,,,,0.0,0.0,,0.0
3.7215145,6.764372,0.0,0.0,0.0,0.0,0.0,0.0,,0.0,0.0,0.0,0.0,0.0,0.0,0.0,0.0,0.0,0.0,0.0,0.0,0.0,0.0,0.0,,,,
1.5316559,4.2618384,0.0,0.0,0.0,0.0,0.0,0.0,0.0,0.0,0.0,0.0,0.0,0.0,0.0,,0.0,0.0,0.0,0.0,0.0,0.0,0.0,0.0,,,,0.0
8.124288,6.821308,0.0,0.0,0.0,0.0,0.0,0.0,1.0,0.0,,,,,0.0,,,,,1.0,,0.0,0.0,,,,,
-1.3944033,5.745105,0.0,0.0,0.0,0.0,0.0,0.0,,0.0,,0.0,0.0,0.0,0.0,0.0,0.0,0.0,0.0,0.0,0.0,0.0,,0.0,,,,0.0
1.0964912,4.7269964,0.0,0.0,0.0,0.0,0.0,0.0,,,0.0,0.0,0.0,0.0,0.0,0.0,0.0,0.0,0.0,0.0,0.0,0.0,0.0,0.0,,,,
3.973228,6.2664824,0.0,,0.0,,0.0,0.0,,,,,0.0,,,,,,,,,,,,,,,
9.339798,7.814688,0.0,,,,0.0,0.0,0.0,,,,,,,,,,,1.0,,,,,0.0,,1.0,0.0
4.2072086,6.436795,0.0,,,0.0,,,,0.0,,,,1.0,0.0,1.0,1.0,,,1.0,1.0,0.0,,,,,,
3.9139414,7.4833455,,,,,,,,,,,,,,,,,,,,,,,0.0,,0.0,0.0
3.3472698,3.0933232,0.0,,,,,,,,,,,,,,,,,,,,,,0.0,0.0,1.0,0.0
3.258369,5.222611,0.0,0.0,0.0,0.0,0.0,0.0,0.0,0.0,0.0,0.0,0.0,0.0,0.0,0.0,0.0,0.0,0.0,,,1.0,0.0,0.0,,,,
9.108366,8.013499,0.0,,,,0.0,0.0,,,,,,,,,,,,,,,,,,1.0,0.0,0.0
9.209571,7.2703867,,,,,0.0,0.0,0.0,,,,,,,,,,,,,,,,0.0,0.0,1.0,
1.3478312,4.895809,0.0,,0.0,,0.0,0.0,,,,,,,,,,,,,,,,,,,,
4.0071974,7.4749565,0.0,,0.0,,,0.0,,,,,,,,,,,,,,,,,,,,
3.939709,7.4685097,0.0,,,,,0.0,,,,,0.0,,,,,,,,,,,,,,,
2.0598881,7.2853203,,,,,,,,0.0,,,,,,,1.0,1.0,,,,0.0,0.0,,,,,
2.872814,5.3024206,,,,,,,0.0,0.0,0.0,0.0,,0.0,0.0,0.0,0.0,0.0,0.0,,,0.0,0.0,0.0,,,,
0.08406173,8.792457,0.0,0.0,1.0,,0.0,,0.0,0.0,,,,,0.0,,0.0,0.0,0.0,,,0.0,,,,,,
3.317417,3.1740754,0.0,0.0,0.0,0.0,0.0,0.0,0.0,0.0,0.0,0.0,,0.0,0.0,0.0,0.0,0.0,0.0,0.0,0.0,0.0,0.0,0.0,,0.0,,
9.254646,7.376823,0.0,,,,0.0,0.0,0.0,,,,,,,,,,,,,,,,0.0,0.0,0.0,0.0
3.822534,6.7086477,,,0.0,,,,0.0,0.0,,,,0.0,,,0.0,0.0,,1.0,1.0,,0.0,0.0,,,,
1.9321033,3.853173,0.0,0.0,0.0,0.0,,0.0,,0.0,0.0,1.0,0.0,0.0,0.0,,1.0,0.0,0.0,,0.0,0.0,,,,,,
8.0950365,11.829622,,,,,,,,0.0,0.0,,,,0.0,,,0.0,,,,0.0,0.0,0.0,,,,
8.144154,11.769835,,,,,,,,0.0,0.0,,,0.0,0.0,0.0,,0.0,0.0,1.0,1.0,0.0,0.0,0.0,,,,
-0.31710163,5.1764245,,,,,,,,0.0,0.0,,0.0,0.0,0.0,0.0,0.0,0.0,0.0,0.0,0.0,0.0,0.0,0.0,,,,
2.5902283,6.5481744,,0.0,0.0,0.0,0.0,0.0,0.0,0.0,0.0,0.0,0.0,0.0,0.0,0.0,0.0,0.0,0.0,,0.0,0.0,0.0,0.0,,,,
0.56653255,5.6891856,0.0,0.0,0.0,0.0,0.0,0.0,0.0,0.0,,0.0,,0.0,0.0,0.0,,0.0,0.0,,,0.0,,,,,,0.0
2.9477823,7.5047274,,,,,,,,0.0,0.0,,0.0,0.0,0.0,,0.0,0.0,0.0,1.0,1.0,0.0,0.0,0.0,,,,
2.9715333,7.512984,0.0,0.0,0.0,0.0,0.0,0.0,0.0,0.0,0.0,0.0,0.0,0.0,0.0,1.0,,0.0,0.0,,1.0,0.0,0.0,0.0,,,,
2.0548294,7.2605915,,,,,,,,0.0,0.0,1.0,,,,0.0,,,0.0,,,0.0,0.0,0.0,,,,
9.24814,7.4038,0.0,,,,0.0,0.0,0.0,,,,,,,,,,,,,,,,1.0,,0.0,0.0
1.2611972,4.2226796,0.0,0.0,,0.0,0.0,0.0,0.0,0.0,0.0,,0.0,0.0,0.0,0.0,,0.0,0.0,,,0.0,0.0,0.0,,,,
1.2364184,6.472714,0.0,0.0,0.0,0.0,0.0,0.0,0.0,0.0,0.0,0.0,0.0,0.0,0.0,0.0,0.0,0.0,0.0,0.0,0.0,0.0,0.0,0.0,,,,
3.8436286,6.642559,0.0,0.0,0.0,0.0,,0.0,0.0,0.0,0.0,0.0,0.0,,0.0,0.0,0.0,,0.0,0.0,0.0,0.0,0.0,0.0,,,,
-0.87541264,5.454231,,0.0,0.0,,1.0,,,0.0,1.0,,,1.0,1.0,0.0,,,1.0,1.0,1.0,0.0,,,,,,
8.098692,11.816182,,0.0,0.0,0.0,0.0,0.0,,0.0,0.0,0.0,,0.0,0.0,0.0,0.0,0.0,0.0,,,0.0,0.0,0.0,,,,
8.136825,11.777847,,0.0,0.0,0.0,0.0,0.0,0.0,0.0,0.0,0.0,,0.0,0.0,1.0,,,,1.0,1.0,0.0,0.0,0.0,,,,
1.4066921,4.3704376,,,,,,,,0.0,0.0,,0.0,0.0,0.0,0.0,0.0,0.0,0.0,0.0,0.0,0.0,0.0,0.0,,,,
9.1933155,7.5593,0.0,,,,0.0,0.0,0.0,,,,,,,,,,,,0.0,,,,0.0,1.0,,
-0.39978647,4.509368,0.0,,0.0,,1.0,1.0,,0.0,,0.0,0.0,0.0,1.0,0.0,0.0,0.0,0.0,,0.0,0.0,,,,,,
2.732048,7.9922957,0.0,0.0,0.0,0.0,0.0,0.0,0.0,0.0,0.0,,0.0,0.0,0.0,0.0,0.0,0.0,0.0,,,0.0,0.0,0.0,,,,
9.039052,6.6712,0.0,,,,0.0,0.0,0.0,,,,,,,,,,,1.0,,,,,,,,1.0
1.4506427,4.622844,0.0,0.0,0.0,0.0,0.0,0.0,0.0,0.0,0.0,0.0,0.0,0.0,0.0,0.0,0.0,0.0,0.0,0.0,0.0,0.0,,,,,,0.0
1.3094188,6.2730703,0.0,0.0,0.0,,0.0,0.0,0.0,0.0,0.0,0.0,0.0,0.0,0.0,0.0,0.0,0.0,0.0,0.0,0.0,0.0,0.0,0.0,,,,0.0
2.7375019,8.010153,,,0.0,,,,0.0,0.0,0.0,,0.0,0.0,,,0.0,,,0.0,0.0,,0.0,0.0,,,,
0.6058378,1.5509481,0.0,,0.0,,,,0.0,0.0,,,1.0,,0.0,,,0.0,,1.0,1.0,0.0,,,,,,
1.4551873,5.117689,,,,,,,,0.0,0.0,,,,,,,,,,,,,,,,,
1.8902951,5.779354,,0.0,0.0,,0.0,0.0,0.0,0.0,,,0.0,0.0,0.0,,,0.0,1.0,,,1.0,0.0,0.0,,,,
7.7068896,3.9483736,0.0,0.0,0.0,0.0,0.0,0.0,0.0,,,,,,,,,,,,,,,,,0.0,,
1.6857457,4.7113147,,1.0,0.0,0.0,0.0,0.0,,0.0,1.0,,0.0,,0.0,,,0.0,0.0,,1.0,0.0,,0.0,,,,
3.9241498,6.7121,0.0,0.0,0.0,0.0,0.0,1.0,0.0,0.0,0.0,0.0,0.0,0.0,0.0,0.0,0.0,0.0,0.0,0.0,0.0,0.0,0.0,0.0,,,,
4.3534136,7.339816,0.0,0.0,0.0,0.0,0.0,,,0.0,,,,0.0,0.0,0.0,,0.0,0.0,1.0,1.0,0.0,0.0,0.0,,,,
9.411,6.617204,0.0,,,,0.0,0.0,0.0,,,,,,,,,,,0.0,0.0,,,,0.0,1.0,0.0,0.0
0.02303354,8.822531,,0.0,0.0,0.0,0.0,0.0,0.0,0.0,,0.0,,0.0,0.0,,,0.0,,,,0.0,1.0,1.0,,,,
-1.1434344,5.8698964,0.0,0.0,0.0,0.0,0.0,0.0,0.0,0.0,0.0,,0.0,0.0,0.0,0.0,0.0,0.0,0.0,0.0,0.0,0.0,0.0,0.0,,,,
4.3179307,7.3206205,,,1.0,,,,0.0,0.0,1.0,,,,,,,,,1.0,1.0,,1.0,,,,,
0.97791255,4.6978755,0.0,0.0,0.0,0.0,0.0,0.0,0.0,0.0,0.0,,0.0,0.0,0.0,0.0,0.0,,0.0,0.0,0.0,0.0,0.0,0.0,,,,0.0
4.0198126,7.171705,1.0,0.0,0.0,0.0,,,,,0.0,0.0,,,0.0,0.0,,0.0,0.0,,0.0,,,,,,,
0.09838067,5.00132,0.0,0.0,0.0,0.0,0.0,0.0,,0.0,0.0,0.0,0.0,0.0,0.0,0.0,0.0,0.0,0.0,0.0,0.0,0.0,,0.0,,,,0.0
2.8001919,6.9327025,,,,,,,,0.0,0.0,,,,,,,,,,,,,,,,,
4.3147507,7.3436823,0.0,0.0,0.0,0.0,0.0,0.0,0.0,0.0,0.0,0.0,0.0,0.0,0.0,0.0,0.0,0.0,0.0,0.0,0.0,0.0,0.0,0.0,,,,
3.3196738,6.3320203,0.0,,0.0,0.0,0.0,0.0,0.0,0.0,0.0,,0.0,0.0,0.0,1.0,0.0,0.0,0.0,,0.0,0.0,,,,,,
2.5559106,4.4425793,,,,,,,,,,,,,,,,0.0,,,,0.0,0.0,0.0,,,,
3.851663,3.5964108,0.0,0.0,0.0,0.0,0.0,0.0,0.0,,0.0,0.0,0.0,0.0,0.0,0.0,0.0,0.0,0.0,,,1.0,0.0,0.0,,,,
9.215363,7.357426,0.0,,,,0.0,0.0,0.0,,,,,,,,,,,,,,,,0.0,1.0,1.0,
9.283252,7.3819604,0.0,,,,0.0,0.0,0.0,,,,,,,,,,,,,,,,0.0,1.0,0.0,
3.39006,7.3862586,1.0,,,0.0,,,,0.0,,,0.0,,0.0,,,0.0,0.0,,,0.0,0.0,0.0,,,,
3.8264194,6.6733356,0.0,0.0,0.0,0.0,0.0,0.0,0.0,0.0,,0.0,0.0,0.0,0.0,,0.0,0.0,0.0,0.0,0.0,0.0,0.0,0.0,,,,
0.5524278,1.70929,0.0,0.0,0.0,0.0,0.0,0.0,0.0,0.0,0.0,0.0,0.0,0.0,0.0,0.0,0.0,0.0,0.0,0.0,0.0,0.0,,,,,,
4.3022985,7.3809342,,,,,0.0,0.0,0.0,0.0,0.0,0.0,,0.0,0.0,0.0,,0.0,0.0,0.0,0.0,0.0,,,,,,
-1.2244549,5.9813795,0.0,,0.0,0.0,0.0,0.0,0.0,0.0,0.0,0.0,,0.0,0.0,0.0,,0.0,0.0,,,0.0,0.0,0.0,,,,
2.1981683,6.762915,,0.0,0.0,0.0,0.0,0.0,,0.0,0.0,,1.0,,0.0,0.0,,0.0,0.0,1.0,,0.0,0.0,0.0,,,,
2.8565779,3.643587,0.0,0.0,0.0,0.0,0.0,0.0,0.0,0.0,0.0,0.0,0.0,,0.0,0.0,0.0,0.0,0.0,0.0,0.0,0.0,0.0,0.0,,,,
1.4998498,4.8022604,,,,0.0,0.0,0.0,0.0,,,,,,,0.0,,,,1.0,,,,,,,,
0.4851585,4.789526,,,,,0.0,0.0,0.0,0.0,0.0,0.0,,0.0,0.0,0.0,0.0,0.0,0.0,0.0,0.0,0.0,0.0,0.0,,,,
1.8948866,4.565796,0.0,0.0,0.0,0.0,0.0,0.0,0.0,0.0,,0.0,0.0,0.0,0.0,0.0,0.0,0.0,0.0,0.0,0.0,0.0,,0.0,,,,0.0
0.8836646,5.5305247,0.0,0.0,0.0,0.0,0.0,0.0,0.0,0.0,0.0,0.0,0.0,0.0,0.0,0.0,0.0,0.0,0.0,0.0,0.0,0.0,0.0,0.0,,,,
-0.4060182,5.078827,0.0,0.0,0.0,0.0,0.0,0.0,0.0,0.0,,0.0,0.0,0.0,0.0,0.0,0.0,0.0,0.0,0.0,0.0,0.0,,,,,,
9.312085,7.845766,,,,,0.0,0.0,0.0,,,,,,,,,,,,,,,,0.0,1.0,1.0,
9.115973,7.7211223,0.0,,,,0.0,,0.0,,,,,,,,,,,,,,,,,1.0,1.0,1.0
-0.2191227,8.842379,0.0,0.0,0.0,0.0,0.0,0.0,0.0,0.0,0.0,0.0,0.0,0.0,0.0,0.0,0.0,0.0,0.0,0.0,0.0,0.0,,,,,,
3.0310738,5.8591146,0.0,0.0,0.0,0.0,0.0,0.0,0.0,0.0,0.0,0.0,0.0,0.0,0.0,0.0,0.0,0.0,0.0,0.0,0.0,0.0,,,,,,
1.2600213,6.80421,,,,,,,,0.0,,,0.0,0.0,0.0,,,0.0,,1.0,1.0,0.0,0.0,,,,,
0.8971309,5.399237,,0.0,0.0,0.0,0.0,0.0,0.0,0.0,,,,,0.0,,0.0,0.0,,,0.0,0.0,0.0,0.0,,,,0.0
0.67909485,5.5057178,0.0,0.0,0.0,0.0,,,0.0,0.0,,0.0,,,0.0,1.0,0.0,0.0,,,,0.0,,,,,,
3.9667459,6.6118207,,0.0,0.0,0.0,0.0,0.0,0.0,0.0,0.0,0.0,0.0,0.0,0.0,0.0,0.0,0.0,0.0,0.0,0.0,0.0,0.0,0.0,,,,
-1.4909467,5.5362315,,0.0,0.0,0.0,0.0,,0.0,0.0,0.0,0.0,0.0,0.0,0.0,0.0,0.0,,0.0,0.0,0.0,0.0,,,,,,
3.1377454,7.474952,,,,,0.0,0.0,0.0,0.0,0.0,,,0.0,0.0,1.0,,,0.0,1.0,1.0,0.0,,,,,,
1.6289879,4.441039,,,,,,,,,,,,0.0,,,,,,0.0,0.0,,0.0,0.0,,,,
4.231429,6.4525833,0.0,0.0,0.0,0.0,0.0,,0.0,0.0,,0.0,,0.0,0.0,0.0,0.0,0.0,0.0,0.0,0.0,0.0,0.0,0.0,,,,
-0.39403176,4.894905,0.0,0.0,0.0,0.0,0.0,0.0,0.0,0.0,0.0,0.0,,0.0,0.0,0.0,0.0,0.0,0.0,0.0,0.0,0.0,,0.0,,,,0.0
2.333944,5.1965985,,0.0,0.0,0.0,,,,0.0,,,,,0.0,,,0.0,,1.0,1.0,0.0,,,,,,
2.357045,5.185608,,0.0,0.0,0.0,,,,0.0,0.0,,,,,,,0.0,,,0.0,0.0,0.0,0.0,,,,
2.5576117,6.261912,,,,,,,,,,,,,,,,,,1.0,1.0,0.0,,0.0,,,,
1.756363,4.648532,,,,,,,,0.0,0.0,,,,,,,,,,,,,,,,,
2.4485357,7.5203967,,0.0,0.0,0.0,0.0,0.0,,0.0,0.0,0.0,,,0.0,0.0,,0.0,0.0,,0.0,0.0,,,,,,
0.5903864,2.286727,0.0,0.0,0.0,0.0,0.0,0.0,0.0,0.0,0.0,0.0,0.0,0.0,0.0,0.0,0.0,0.0,0.0,0.0,0.0,0.0,0.0,0.0,,,,0.0
3.7072563,6.675845,0.0,0.0,0.0,0.0,0.0,0.0,0.0,0.0,0.0,0.0,0.0,0.0,0.0,0.0,0.0,0.0,0.0,,0.0,0.0,0.0,0.0,,,,
1.2807534,-2.757354,,,,,,,,,,,,,,,,,,,1.0,0.0,0.0,0.0,,,,
0.8994939,5.074875,0.0,0.0,0.0,0.0,0.0,0.0,1.0,,0.0,0.0,0.0,0.0,,0.0,,,0.0,,,0.0,0.0,0.0,,,,
8.142113,2.9301,,,,,,,,,,,,,,,0.0,0.0,0.0,0.0,0.0,0.0,0.0,0.0,,,,
4.243181,6.4286113,,,,,0.0,0.0,0.0,0.0,0.0,0.0,0.0,0.0,0.0,0.0,0.0,0.0,0.0,,0.0,0.0,0.0,0.0,,,,
3.7381375,5.4703383,0.0,0.0,0.0,0.0,0.0,0.0,0.0,0.0,0.0,0.0,0.0,0.0,0.0,0.0,0.0,0.0,0.0,1.0,,0.0,,,,,,
1.2071878,-2.8075895,,,,,,,,,,,,0.0,,,0.0,0.0,,,,0.0,0.0,0.0,,,,
3.4298859,5.3830333,0.0,0.0,0.0,,,,0.0,0.0,,0.0,,,,,,0.0,,,,0.0,0.0,0.0,,,,
3.7012432,6.731657,0.0,0.0,0.0,0.0,,0.0,,0.0,0.0,0.0,,0.0,0.0,,,,0.0,,,0.0,,,,,,
9.315047,7.783131,0.0,,,,0.0,0.0,0.0,,,,,,,,,,,0.0,0.0,,,,0.0,0.0,1.0,0.0
4.248931,6.440227,,0.0,0.0,0.0,0.0,0.0,,0.0,0.0,0.0,0.0,0.0,0.0,,0.0,0.0,0.0,,0.0,0.0,0.0,0.0,,,,
1.0863197,4.7382913,0.0,0.0,0.0,0.0,0.0,0.0,,0.0,0.0,0.0,,0.0,0.0,0.0,0.0,0.0,0.0,0.0,0.0,0.0,,,,,,0.0
9.126431,7.9793124,0.0,,,,0.0,0.0,0.0,,,,,,,,,,,,,,,,0.0,1.0,1.0,
2.1729894,5.2436304,,,,,,,,,,,,,,,,,,1.0,1.0,0.0,0.0,0.0,,,,
9.132853,8.00114,0.0,,,,0.0,0.0,0.0,,,,,,,,,,,1.0,1.0,,,,0.0,,,0.0
9.307885,6.941764,0.0,,,,0.0,0.0,0.0,,,,,,,,,,,0.0,0.0,,,,,0.0,0.0,
2.1747758,5.228797,,,,,,,,,,,,,,,,,,,,0.0,0.0,,,,,
1.9828479,4.3830256,0.0,,0.0,0.0,0.0,,0.0,0.0,,1.0,,0.0,0.0,0.0,1.0,0.0,0.0,1.0,,0.0,,,,,,
0.86620355,5.4291368,0.0,0.0,0.0,0.0,0.0,0.0,0.0,0.0,0.0,0.0,,0.0,0.0,0.0,0.0,0.0,0.0,0.0,0.0,0.0,0.0,0.0,,,,
0.6754219,1.6119881,0.0,0.0,0.0,,0.0,0.0,0.0,0.0,,,,0.0,0.0,,0.0,0.0,0.0,1.0,1.0,0.0,,0.0,,,,
1.5686287,4.5396147,,,,,,,,,,,0.0,,,,,,,,,,,,,,,
9.523302,6.4663987,0.0,,,,0.0,0.0,0.0,,,,,,,,,,,,0.0,,,,,0.0,0.0,0.0
9.082079,6.698836,0.0,,,,0.0,0.0,0.0,,,,,,,,,,,1.0,,,,,0.0,0.0,0.0,0.0
2.5260334,5.3631177,,0.0,0.0,0.0,,0.0,0.0,0.0,1.0,,,,,,,0.0,,1.0,1.0,0.0,0.0,,,,,
3.995266,3.4949746,0.0,1.0,0.0,,,0.0,1.0,1.0,1.0,,1.0,1.0,,,1.0,1.0,1.0,1.0,1.0,0.0,,1.0,,,,
1.2254043,4.771078,0.0,0.0,0.0,0.0,0.0,0.0,0.0,0.0,0.0,0.0,0.0,0.0,0.0,,0.0,0.0,0.0,0.0,0.0,0.0,0.0,0.0,,,,0.0
1.4417409,5.5888734,0.0,0.0,0.0,0.0,0.0,0.0,,0.0,0.0,0.0,0.0,0.0,0.0,0.0,0.0,0.0,0.0,0.0,0.0,0.0,0.0,0.0,,,,
1.1004891,5.160561,0.0,0.0,0.0,0.0,0.0,0.0,0.0,0.0,0.0,0.0,0.0,0.0,0.0,0.0,0.0,0.0,0.0,0.0,0.0,0.0,,,,,,
-0.759208,4.6871567,0.0,0.0,0.0,0.0,0.0,0.0,0.0,0.0,0.0,0.0,0.0,0.0,0.0,0.0,0.0,0.0,0.0,0.0,0.0,0.0,,,,,,0.0
9.13768,7.9369345,0.0,,,,0.0,0.0,0.0,,,,,,,,,,,0.0,0.0,,,,0.0,0.0,0.0,0.0
3.179084,4.430483,0.0,0.0,0.0,0.0,0.0,0.0,,0.0,,,,0.0,0.0,0.0,,0.0,0.0,,,0.0,0.0,0.0,,,,
4.226942,7.3381276,0.0,0.0,0.0,0.0,0.0,0.0,0.0,0.0,0.0,0.0,,0.0,0.0,0.0,0.0,0.0,0.0,,0.0,0.0,0.0,0.0,,,,
3.273202,7.4827323,,,,,,,,,,,,0.0,,,0.0,0.0,0.0,,0.0,0.0,0.0,0.0,,,,
1.284165,4.6394854,0.0,0.0,0.0,0.0,,0.0,,0.0,0.0,0.0,0.0,0.0,0.0,0.0,0.0,0.0,0.0,0.0,0.0,0.0,0.0,0.0,,,,1.0
-0.42299074,4.752346,0.0,0.0,0.0,0.0,0.0,0.0,0.0,0.0,0.0,0.0,0.0,0.0,0.0,0.0,,0.0,0.0,0.0,0.0,0.0,0.0,0.0,,,,
3.9435406,3.5282772,0.0,0.0,0.0,0.0,0.0,0.0,0.0,0.0,,0.0,0.0,,0.0,0.0,0.0,0.0,0.0,0.0,0.0,0.0,,0.0,,,,
3.615977,6.237003,0.0,,0.0,0.0,0.0,0.0,0.0,0.0,0.0,0.0,0.0,0.0,0.0,0.0,0.0,0.0,0.0,1.0,1.0,0.0,0.0,0.0,,,,
3.6357088,6.249877,0.0,0.0,0.0,0.0,0.0,0.0,0.0,0.0,0.0,0.0,0.0,0.0,0.0,0.0,0.0,0.0,0.0,0.0,,0.0,0.0,0.0,,,,
4.0351214,7.122238,,0.0,0.0,0.0,0.0,0.0,0.0,0.0,0.0,0.0,,0.0,0.0,,,0.0,0.0,0.0,0.0,0.0,0.0,0.0,,,,
1.2353233,4.1796227,0.0,0.0,0.0,0.0,0.0,0.0,0.0,0.0,0.0,,0.0,0.0,0.0,0.0,,0.0,0.0,0.0,0.0,0.0,,,,,,
0.17243691,5.7194333,0.0,1.0,0.0,0.0,,1.0,0.0,0.0,,0.0,,,,1.0,,,,,,0.0,,,,,,
7.9512515,3.2169538,,,,,,,,0.0,0.0,0.0,,,0.0,,0.0,1.0,0.0,,,0.0,0.0,,,,,
2.697107,5.1048384,,,,,,,,,,,,0.0,,,0.0,,0.0,,,0.0,0.0,0.0,,,,
0.5502419,1.6072202,,0.0,0.0,0.0,0.0,0.0,0.0,0.0,,0.0,0.0,0.0,0.0,0.0,0.0,,0.0,1.0,1.0,0.0,0.0,0.0,,,,
-0.67172533,4.659324,0.0,0.0,0.0,0.0,0.0,0.0,0.0,0.0,0.0,0.0,0.0,0.0,0.0,0.0,0.0,0.0,0.0,0.0,0.0,0.0,,0.0,,,,0.0
0.88361204,6.224184,0.0,0.0,0.0,0.0,0.0,0.0,0.0,0.0,0.0,0.0,0.0,,0.0,0.0,0.0,,0.0,,,0.0,,,,,,
0.10364643,8.797054,0.0,0.0,,0.0,0.0,,0.0,0.0,0.0,0.0,0.0,0.0,0.0,0.0,0.0,0.0,0.0,0.0,0.0,0.0,,,,,,
2.8199499,6.930502,,,,,,,,,,0.0,,,,,,,,,,,,,,,,
1.8975756,3.7489064,0.0,0.0,0.0,0.0,0.0,0.0,0.0,0.0,0.0,0.0,0.0,,0.0,0.0,0.0,0.0,0.0,0.0,0.0,0.0,0.0,0.0,,,,
3.7680962,6.97419,0.0,0.0,0.0,0.0,0.0,,,0.0,0.0,0.0,,,0.0,0.0,,0.0,0.0,,,0.0,,,,,,
9.016265,6.7326245,0.0,,,,0.0,0.0,0.0,,,,,,,,,,,,,,,,1.0,0.0,0.0,
